filename,hh,mm,ss,style,cx,cy,used_hough,hough_radius,frac_mask_beyond_dial,w,h
analog_00_00_00_3d.png,0,0,0,3d,199,200,True,153.8800048828125,0.0,400,400
analog_00_00_00_atc.png,0,0,0,atc,200,200,True,154.95999145507812,0.0,400,400
analog_00_00_00_design3.png,0,0,0,design3,200,200,True,148.1199951171875,0.0,400,400
analog_00_00_00_js30.png,0,0,0,js30,200,200,True,149.9199981689453,0.0,400,400
analog_00_00_00_orange.png,0,0,0,orange,200,199,True,158.32000732421875,0.0,400,400
analog_00_00_00_simple.png,0,0,0,simple,200,200,False,,0.0,400,400
analog_00_00_00_sweet.png,0,0,0,sweet,200,200,True,154.48001098632812,0.0,400,400
analog_00_00_00_vue.png,0,0,0,vue,200,200,True,154.95999145507812,0.0,400,400
analog_00_00_00_wall.png,0,0,0,wall,200,200,True,126.76000213623047,0.0,400,400
analog_00_00_00_watch.png,0,0,0,watch,200,199,True,153.52000427246094,0.0,400,400
analog_00_00_01_3d.png,0,0,1,3d,199,200,True,153.8800048828125,0.0,400,400
analog_00_00_01_atc.png,0,0,1,atc,200,200,True,154.95999145507812,0.0,400,400
analog_00_00_01_design3.png,0,0,1,design3,200,200,True,148.1199951171875,0.0,400,400
analog_00_00_01_js30.png,0,0,1,js30,200,200,True,149.9199981689453,0.0,400,400
analog_00_00_01_orange.png,0,0,1,orange,200,199,True,158.32000732421875,0.0,400,400
analog_00_00_01_simple.png,0,0,1,simple,200,200,False,,0.0,400,400
analog_00_00_01_sweet.png,0,0,1,sweet,200,200,True,154.48001098632812,0.0,400,400
analog_00_00_01_vue.png,0,0,1,vue,200,200,True,154.95999145507812,0.0,400,400
analog_00_00_01_wall.png,0,0,1,wall,200,200,True,126.76000213623047,0.0,400,400
analog_00_00_01_watch.png,0,0,1,watch,200,199,True,153.52000427246094,0.0,400,400
analog_00_05_59_3d.png,0,5,59,3d,199,200,True,153.8800048828125,0.0,400,400
analog_00_05_59_atc.png,0,5,59,atc,200,200,True,154.95999145507812,0.0,400,400
analog_00_05_59_design3.png,0,5,59,design3,200,200,True,148.1199951171875,0.0,400,400
analog_00_05_59_js30.png,0,5,59,js30,200,200,True,149.9199981689453,0.0,400,400
analog_00_05_59_orange.png,0,5,59,orange,200,199,True,158.32000732421875,0.0,400,400
analog_00_05_59_simple.png,0,5,59,simple,200,200,False,,0.0,400,400
analog_00_05_59_sweet.png,0,5,59,sweet,200,200,True,154.48001098632812,0.0,400,400
analog_00_05_59_vue.png,0,5,59,vue,200,200,True,154.95999145507812,0.0,400,400
analog_00_05_59_wall.png,0,5,59,wall,200,200,True,126.76000213623047,0.0,400,400
analog_00_05_59_watch.png,0,5,59,watch,200,199,True,153.52000427246094,0.0,400,400
analog_00_07_59_3d.png,0,7,59,3d,199,200,True,153.8800048828125,0.0,400,400
analog_00_07_59_atc.png,0,7,59,atc,200,200,True,154.95999145507812,0.0,400,400
analog_00_07_59_design3.png,0,7,59,design3,200,200,True,148.1199951171875,0.0,400,400
analog_00_07_59_js30.png,0,7,59,js30,200,200,True,149.9199981689453,0.0,400,400
analog_00_07_59_orange.png,0,7,59,orange,200,199,True,158.32000732421875,0.0,400,400
analog_00_07_59_simple.png,0,7,59,simple,200,200,False,,0.0,400,400
analog_00_07_59_sweet.png,0,7,59,sweet,200,200,True,154.48001098632812,0.0,400,400
analog_00_07_59_vue.png,0,7,59,vue,200,200,True,154.95999145507812,0.0,400,400
analog_00_07_59_wall.png,0,7,59,wall,200,200,True,126.76000213623047,0.0,400,400
analog_00_07_59_watch.png,0,7,59,watch,200,199,True,153.52000427246094,0.0,400,400
analog_00_11_47_3d.png,0,11,47,3d,199,200,True,153.8800048828125,0.0,400,400
analog_00_11_47_atc.png,0,11,47,atc,200,200,True,154.95999145507812,0.0,400,400
analog_00_11_47_design3.png,0,11,47,design3,200,200,True,148.1199951171875,0.0,400,400
analog_00_11_47_js30.png,0,11,47,js30,200,200,True,149.9199981689453,0.0,400,400
analog_00_11_47_orange.png,0,11,47,orange,200,199,True,158.32000732421875,0.0,400,400
analog_00_11_47_simple.png,0,11,47,simple,200,200,False,,0.0,400,400
analog_00_11_47_sweet.png,0,11,47,sweet,200,200,True,154.48001098632812,0.0,400,400
analog_00_11_47_vue.png,0,11,47,vue,200,200,True,154.95999145507812,0.0,400,400
analog_00_11_47_wall.png,0,11,47,wall,200,200,True,126.76000213623047,0.0,400,400
analog_00_11_47_watch.png,0,11,47,watch,200,199,True,153.52000427246094,0.0,400,400
analog_00_19_18_3d.png,0,19,18,3d,199,200,True,153.8800048828125,0.0,400,400
analog_00_19_18_atc.png,0,19,18,atc,200,200,True,154.95999145507812,0.0,400,400
analog_00_19_18_design3.png,0,19,18,design3,200,200,True,148.1199951171875,0.0,400,400
analog_00_19_18_js30.png,0,19,18,js30,200,200,True,149.9199981689453,0.0,400,400
analog_00_19_18_orange.png,0,19,18,orange,200,199,True,158.32000732421875,0.0,400,400
analog_00_19_18_simple.png,0,19,18,simple,329,58,True,180.27999877929688,0.0,400,400
analog_00_19_18_sweet.png,0,19,18,sweet,200,200,True,154.48001098632812,0.0,400,400
analog_00_19_18_vue.png,0,19,18,vue,200,200,True,154.95999145507812,0.0,400,400
analog_00_19_18_wall.png,0,19,18,wall,200,200,True,126.76000213623047,0.0,400,400
analog_00_19_18_watch.png,0,19,18,watch,200,199,True,153.52000427246094,0.0,400,400
analog_00_22_19_3d.png,0,22,19,3d,199,200,True,153.8800048828125,0.0,400,400
analog_00_22_19_atc.png,0,22,19,atc,200,200,True,154.95999145507812,0.0,400,400
analog_00_22_19_design3.png,0,22,19,design3,200,200,True,148.1199951171875,0.0,400,400
analog_00_22_19_js30.png,0,22,19,js30,200,200,True,149.9199981689453,0.0,400,400
analog_00_22_19_orange.png,0,22,19,orange,200,199,True,158.32000732421875,0.0,400,400
analog_00_22_19_simple.png,0,22,19,simple,200,200,False,,0.0,400,400
analog_00_22_19_sweet.png,0,22,19,sweet,200,200,True,154.48001098632812,0.0,400,400
analog_00_22_19_vue.png,0,22,19,vue,200,200,True,154.95999145507812,0.0,400,400
analog_00_22_19_wall.png,0,22,19,wall,200,200,True,126.76000213623047,0.0,400,400
analog_00_22_19_watch.png,0,22,19,watch,200,199,True,153.52000427246094,0.0,400,400
analog_00_31_54_3d.png,0,31,54,3d,199,200,True,153.8800048828125,0.0,400,400
analog_00_31_54_atc.png,0,31,54,atc,200,200,True,154.95999145507812,0.0,400,400
analog_00_31_54_design3.png,0,31,54,design3,200,200,True,148.1199951171875,0.0,400,400
analog_00_31_54_js30.png,0,31,54,js30,200,200,True,149.9199981689453,0.0,400,400
analog_00_31_54_orange.png,0,31,54,orange,200,199,True,158.32000732421875,0.0,400,400
analog_00_31_54_simple.png,0,31,54,simple,200,200,False,,0.0,400,400
analog_00_31_54_sweet.png,0,31,54,sweet,200,200,True,154.48001098632812,0.0,400,400
analog_00_31_54_vue.png,0,31,54,vue,200,200,True,154.95999145507812,0.0,400,400
analog_00_31_54_wall.png,0,31,54,wall,200,200,True,126.76000213623047,0.0,400,400
analog_00_31_54_watch.png,0,31,54,watch,200,199,True,153.52000427246094,0.0,400,400
analog_00_33_59_3d.png,0,33,59,3d,199,200,True,153.8800048828125,0.0,400,400
analog_00_33_59_atc.png,0,33,59,atc,200,200,True,154.95999145507812,0.0,400,400
analog_00_33_59_design3.png,0,33,59,design3,200,200,True,148.1199951171875,0.0,400,400
analog_00_33_59_js30.png,0,33,59,js30,200,200,True,149.9199981689453,0.0,400,400
analog_00_33_59_orange.png,0,33,59,orange,200,199,True,158.32000732421875,0.0,400,400
analog_00_33_59_simple.png,0,33,59,simple,200,200,False,,0.0,400,400
analog_00_33_59_sweet.png,0,33,59,sweet,200,200,True,154.48001098632812,0.0,400,400
analog_00_33_59_vue.png,0,33,59,vue,200,200,True,154.95999145507812,0.0,400,400
analog_00_33_59_wall.png,0,33,59,wall,200,200,True,126.76000213623047,0.0,400,400
analog_00_33_59_watch.png,0,33,59,watch,200,199,True,153.52000427246094,0.0,400,400
analog_00_39_09_3d.png,0,39,9,3d,199,200,True,153.8800048828125,0.0,400,400
analog_00_39_09_atc.png,0,39,9,atc,200,200,True,154.95999145507812,0.0,400,400
analog_00_39_09_design3.png,0,39,9,design3,200,200,True,148.1199951171875,0.0,400,400
analog_00_39_09_js30.png,0,39,9,js30,200,200,True,149.9199981689453,0.0,400,400
analog_00_39_09_orange.png,0,39,9,orange,200,199,True,158.32000732421875,0.0,400,400
analog_00_39_09_simple.png,0,39,9,simple,200,200,False,,0.0,400,400
analog_00_39_09_sweet.png,0,39,9,sweet,200,200,True,154.48001098632812,0.0,400,400
analog_00_39_09_vue.png,0,39,9,vue,200,200,True,154.95999145507812,0.0,400,400
analog_00_39_09_wall.png,0,39,9,wall,200,200,True,126.76000213623047,0.0,400,400
analog_00_39_09_watch.png,0,39,9,watch,200,199,True,153.52000427246094,0.0,400,400
analog_00_46_56_3d.png,0,46,56,3d,199,200,True,153.8800048828125,0.0,400,400
analog_00_46_56_atc.png,0,46,56,atc,200,200,True,154.95999145507812,0.0,400,400
analog_00_46_56_design3.png,0,46,56,design3,200,200,True,148.1199951171875,0.0,400,400
analog_00_46_56_js30.png,0,46,56,js30,200,200,True,149.9199981689453,0.0,400,400
analog_00_46_56_orange.png,0,46,56,orange,200,199,True,158.32000732421875,0.0,400,400
analog_00_46_56_simple.png,0,46,56,simple,200,200,False,,0.0,400,400
analog_00_46_56_sweet.png,0,46,56,sweet,200,200,True,154.48001098632812,0.0,400,400
analog_00_46_56_vue.png,0,46,56,vue,200,200,True,154.95999145507812,0.0,400,400
analog_00_46_56_wall.png,0,46,56,wall,200,200,True,126.76000213623047,0.0,400,400
analog_00_46_56_watch.png,0,46,56,watch,200,199,True,153.52000427246094,0.0,400,400
analog_00_48_51_3d.png,0,48,51,3d,199,200,True,153.8800048828125,0.0,400,400
analog_00_48_51_atc.png,0,48,51,atc,200,200,True,154.95999145507812,0.0,400,400
analog_00_48_51_design3.png,0,48,51,design3,200,200,True,148.1199951171875,0.0,400,400
analog_00_48_51_js30.png,0,48,51,js30,200,200,True,149.9199981689453,0.0,400,400
analog_00_48_51_orange.png,0,48,51,orange,200,199,True,158.32000732421875,0.0,400,400
analog_00_48_51_simple.png,0,48,51,simple,200,200,False,,0.0,400,400
analog_00_48_51_sweet.png,0,48,51,sweet,200,200,True,154.48001098632812,0.0,400,400
analog_00_48_51_vue.png,0,48,51,vue,200,200,True,154.95999145507812,0.0,400,400
analog_00_48_51_wall.png,0,48,51,wall,200,200,True,126.76000213623047,0.0,400,400
analog_00_48_51_watch.png,0,48,51,watch,200,199,True,153.52000427246094,0.0,400,400
analog_00_54_26_3d.png,0,54,26,3d,199,200,True,153.8800048828125,0.0,400,400
analog_00_54_26_atc.png,0,54,26,atc,200,200,True,154.95999145507812,0.0,400,400
analog_00_54_26_design3.png,0,54,26,design3,200,200,True,148.1199951171875,0.0,400,400
analog_00_54_26_js30.png,0,54,26,js30,200,200,True,149.9199981689453,0.0,400,400
analog_00_54_26_orange.png,0,54,26,orange,200,199,True,158.32000732421875,0.0,400,400
analog_00_54_26_simple.png,0,54,26,simple,200,200,False,,0.0,400,400
analog_00_54_26_sweet.png,0,54,26,sweet,200,200,True,154.48001098632812,0.0,400,400
analog_00_54_26_vue.png,0,54,26,vue,200,200,True,154.95999145507812,0.0,400,400
analog_00_54_26_wall.png,0,54,26,wall,200,200,True,126.76000213623047,0.0,400,400
analog_00_54_26_watch.png,0,54,26,watch,200,199,True,153.52000427246094,0.0,400,400
analog_00_57_48_3d.png,0,57,48,3d,199,200,True,153.8800048828125,0.0,400,400
analog_00_57_48_atc.png,0,57,48,atc,200,200,True,154.95999145507812,0.0,400,400
analog_00_57_48_design3.png,0,57,48,design3,200,200,True,148.1199951171875,0.0,400,400
analog_00_57_48_js30.png,0,57,48,js30,200,200,True,149.9199981689453,0.0,400,400
analog_00_57_48_orange.png,0,57,48,orange,200,199,True,158.32000732421875,0.0,400,400
analog_00_57_48_simple.png,0,57,48,simple,200,200,False,,0.0,400,400
analog_00_57_48_sweet.png,0,57,48,sweet,200,200,True,154.48001098632812,0.0,400,400
analog_00_57_48_vue.png,0,57,48,vue,200,200,True,154.95999145507812,0.0,400,400
analog_00_57_48_wall.png,0,57,48,wall,200,200,True,126.76000213623047,0.0,400,400
analog_00_57_48_watch.png,0,57,48,watch,200,199,True,153.52000427246094,0.0,400,400
analog_01_00_00_3d.png,1,0,0,3d,199,200,True,153.8800048828125,0.0,400,400
analog_01_00_00_atc.png,1,0,0,atc,200,200,True,154.95999145507812,0.0,400,400
analog_01_00_00_design3.png,1,0,0,design3,200,200,True,148.1199951171875,0.0,400,400
analog_01_00_00_js30.png,1,0,0,js30,200,200,True,149.9199981689453,0.0,400,400
analog_01_00_00_orange.png,1,0,0,orange,200,199,True,158.32000732421875,0.0,400,400
analog_01_00_00_simple.png,1,0,0,simple,200,200,False,,0.0,400,400
analog_01_00_00_sweet.png,1,0,0,sweet,200,200,True,154.48001098632812,0.0,400,400
analog_01_00_00_vue.png,1,0,0,vue,200,200,True,154.95999145507812,0.0,400,400
analog_01_00_00_wall.png,1,0,0,wall,200,200,True,126.76000213623047,0.0,400,400
analog_01_00_00_watch.png,1,0,0,watch,200,199,True,153.52000427246094,0.0,400,400
analog_01_00_21_3d.png,1,0,21,3d,199,200,True,153.8800048828125,0.0,400,400
analog_01_00_21_atc.png,1,0,21,atc,200,200,True,154.95999145507812,0.0,400,400
analog_01_00_21_design3.png,1,0,21,design3,200,200,True,148.1199951171875,0.0,400,400
analog_01_00_21_js30.png,1,0,21,js30,200,200,True,149.9199981689453,0.0,400,400
analog_01_00_21_orange.png,1,0,21,orange,200,199,True,158.32000732421875,0.0,400,400
analog_01_00_21_simple.png,1,0,21,simple,200,200,False,,0.0,400,400
analog_01_00_21_sweet.png,1,0,21,sweet,200,200,True,154.48001098632812,0.0,400,400
analog_01_00_21_vue.png,1,0,21,vue,200,200,True,154.95999145507812,0.0,400,400
analog_01_00_21_wall.png,1,0,21,wall,200,200,True,126.76000213623047,0.0,400,400
analog_01_00_21_watch.png,1,0,21,watch,200,199,True,153.52000427246094,0.0,400,400
analog_01_01_01_3d.png,1,1,1,3d,199,200,True,153.8800048828125,0.0,400,400
analog_01_01_01_atc.png,1,1,1,atc,200,200,True,154.95999145507812,0.0,400,400
analog_01_01_01_design3.png,1,1,1,design3,200,200,True,148.1199951171875,0.0,400,400
analog_01_01_01_js30.png,1,1,1,js30,200,200,True,149.9199981689453,0.0,400,400
analog_01_01_01_orange.png,1,1,1,orange,200,199,True,158.32000732421875,0.0,400,400
analog_01_01_01_simple.png,1,1,1,simple,200,200,False,,0.0,400,400
analog_01_01_01_sweet.png,1,1,1,sweet,200,200,True,154.48001098632812,0.0,400,400
analog_01_01_01_vue.png,1,1,1,vue,200,200,True,154.95999145507812,0.0,400,400
analog_01_01_01_wall.png,1,1,1,wall,200,200,True,126.76000213623047,0.0,400,400
analog_01_01_01_watch.png,1,1,1,watch,200,199,True,153.52000427246094,0.0,400,400
analog_01_03_37_3d.png,1,3,37,3d,199,200,True,153.8800048828125,0.0,400,400
analog_01_03_37_atc.png,1,3,37,atc,200,200,True,154.95999145507812,0.0,400,400
analog_01_03_37_design3.png,1,3,37,design3,200,200,True,148.1199951171875,0.0,400,400
analog_01_03_37_js30.png,1,3,37,js30,200,200,True,149.9199981689453,0.0,400,400
analog_01_03_37_orange.png,1,3,37,orange,200,199,True,158.32000732421875,0.0,400,400
analog_01_03_37_simple.png,1,3,37,simple,39,77,True,203.32000732421875,0.0,400,400
analog_01_03_37_sweet.png,1,3,37,sweet,200,200,True,154.48001098632812,0.0,400,400
analog_01_03_37_vue.png,1,3,37,vue,200,200,True,154.95999145507812,0.0,400,400
analog_01_03_37_wall.png,1,3,37,wall,200,200,True,126.76000213623047,0.0,400,400
analog_01_03_37_watch.png,1,3,37,watch,200,199,True,153.52000427246094,0.0,400,400
analog_01_05_05_3d.png,1,5,5,3d,199,200,True,153.8800048828125,0.0,400,400
analog_01_05_05_atc.png,1,5,5,atc,200,200,True,154.95999145507812,0.0,400,400
analog_01_05_05_design3.png,1,5,5,design3,200,200,True,148.1199951171875,0.0,400,400
analog_01_05_05_js30.png,1,5,5,js30,200,200,True,149.9199981689453,0.0,400,400
analog_01_05_05_orange.png,1,5,5,orange,200,199,True,158.32000732421875,0.0,400,400
analog_01_05_05_simple.png,1,5,5,simple,200,200,False,,0.0,400,400
analog_01_05_05_sweet.png,1,5,5,sweet,200,200,True,154.48001098632812,0.0,400,400
analog_01_05_05_vue.png,1,5,5,vue,200,200,True,154.95999145507812,0.0,400,400
analog_01_05_05_wall.png,1,5,5,wall,200,200,True,126.76000213623047,0.0,400,400
analog_01_05_05_watch.png,1,5,5,watch,200,199,True,153.52000427246094,0.0,400,400
analog_01_05_40_3d.png,1,5,40,3d,199,200,True,153.8800048828125,0.0,400,400
analog_01_05_40_atc.png,1,5,40,atc,200,200,True,154.95999145507812,0.0,400,400
analog_01_05_40_design3.png,1,5,40,design3,200,200,True,148.1199951171875,0.0,400,400
analog_01_05_40_js30.png,1,5,40,js30,200,200,True,149.9199981689453,0.0,400,400
analog_01_05_40_orange.png,1,5,40,orange,200,199,True,158.32000732421875,0.0,400,400
analog_01_05_40_simple.png,1,5,40,simple,200,200,False,,0.0,400,400
analog_01_05_40_sweet.png,1,5,40,sweet,200,200,True,154.48001098632812,0.0,400,400
analog_01_05_40_vue.png,1,5,40,vue,200,200,True,154.95999145507812,0.0,400,400
analog_01_05_40_wall.png,1,5,40,wall,200,200,True,126.76000213623047,0.0,400,400
analog_01_05_40_watch.png,1,5,40,watch,200,199,True,153.52000427246094,0.0,400,400
analog_01_06_38_3d.png,1,6,38,3d,199,200,True,153.8800048828125,0.0,400,400
analog_01_06_38_atc.png,1,6,38,atc,200,200,True,154.95999145507812,0.0,400,400
analog_01_06_38_design3.png,1,6,38,design3,200,200,True,148.1199951171875,0.0,400,400
analog_01_06_38_js30.png,1,6,38,js30,200,200,True,149.9199981689453,0.0,400,400
analog_01_06_38_orange.png,1,6,38,orange,200,199,True,158.32000732421875,0.0,400,400
analog_01_06_38_simple.png,1,6,38,simple,200,200,False,,0.0,400,400
analog_01_06_38_sweet.png,1,6,38,sweet,200,200,True,154.48001098632812,0.0,400,400
analog_01_06_38_vue.png,1,6,38,vue,200,200,True,154.95999145507812,0.0,400,400
analog_01_06_38_wall.png,1,6,38,wall,200,200,True,126.76000213623047,0.0,400,400
analog_01_06_38_watch.png,1,6,38,watch,200,199,True,153.52000427246094,0.0,400,400
analog_01_14_52_3d.png,1,14,52,3d,199,200,True,153.8800048828125,0.0,400,400
analog_01_14_52_atc.png,1,14,52,atc,200,200,True,154.95999145507812,0.0,400,400
analog_01_14_52_design3.png,1,14,52,design3,200,200,True,148.1199951171875,0.0,400,400
analog_01_14_52_js30.png,1,14,52,js30,200,200,True,149.9199981689453,0.0,400,400
analog_01_14_52_orange.png,1,14,52,orange,200,199,True,158.32000732421875,0.0,400,400
analog_01_14_52_simple.png,1,14,52,simple,200,200,False,,0.0,400,400
analog_01_14_52_sweet.png,1,14,52,sweet,200,200,True,154.48001098632812,0.0,400,400
analog_01_14_52_vue.png,1,14,52,vue,200,200,True,154.95999145507812,0.0,400,400
analog_01_14_52_wall.png,1,14,52,wall,200,200,True,126.76000213623047,0.0,400,400
analog_01_14_52_watch.png,1,14,52,watch,200,199,True,153.52000427246094,0.0,400,400
analog_01_19_23_3d.png,1,19,23,3d,199,200,True,153.8800048828125,0.0,400,400
analog_01_19_23_atc.png,1,19,23,atc,200,200,True,154.95999145507812,0.0,400,400
analog_01_19_23_design3.png,1,19,23,design3,200,200,True,148.1199951171875,0.0,400,400
analog_01_19_23_js30.png,1,19,23,js30,200,200,True,149.9199981689453,0.0,400,400
analog_01_19_23_orange.png,1,19,23,orange,200,199,True,158.32000732421875,0.0,400,400
analog_01_19_23_simple.png,1,19,23,simple,200,200,False,,0.0,400,400
analog_01_19_23_sweet.png,1,19,23,sweet,200,200,True,154.48001098632812,0.0,400,400
analog_01_19_23_vue.png,1,19,23,vue,200,200,True,154.95999145507812,0.0,400,400
analog_01_19_23_wall.png,1,19,23,wall,200,200,True,126.76000213623047,0.0,400,400
analog_01_19_23_watch.png,1,19,23,watch,200,199,True,153.52000427246094,0.0,400,400
analog_01_35_15_3d.png,1,35,15,3d,199,200,True,153.8800048828125,0.0,400,400
analog_01_35_15_atc.png,1,35,15,atc,200,200,True,154.95999145507812,0.0,400,400
analog_01_35_15_design3.png,1,35,15,design3,200,200,True,148.1199951171875,0.0,400,400
analog_01_35_15_js30.png,1,35,15,js30,200,200,True,149.9199981689453,0.0,400,400
analog_01_35_15_orange.png,1,35,15,orange,200,199,True,158.32000732421875,0.0,400,400
analog_01_35_15_simple.png,1,35,15,simple,200,200,False,,0.0,400,400
analog_01_35_15_sweet.png,1,35,15,sweet,200,200,True,154.48001098632812,0.0,400,400
analog_01_35_15_vue.png,1,35,15,vue,200,200,True,154.95999145507812,0.0,400,400
analog_01_35_15_wall.png,1,35,15,wall,200,200,True,126.76000213623047,0.0,400,400
analog_01_35_15_watch.png,1,35,15,watch,200,199,True,153.52000427246094,0.0,400,400
analog_01_43_41_3d.png,1,43,41,3d,199,200,True,153.8800048828125,0.0,400,400
analog_01_43_41_atc.png,1,43,41,atc,200,200,True,154.95999145507812,0.0,400,400
analog_01_43_41_design3.png,1,43,41,design3,200,200,True,148.1199951171875,0.0,400,400
analog_01_43_41_js30.png,1,43,41,js30,200,200,True,149.9199981689453,0.0,400,400
analog_01_43_41_orange.png,1,43,41,orange,200,199,True,158.32000732421875,0.0,400,400
analog_01_43_41_simple.png,1,43,41,simple,82,68,True,170.32000732421875,0.0,400,400
analog_01_43_41_sweet.png,1,43,41,sweet,200,200,True,154.48001098632812,0.0,400,400
analog_01_43_41_vue.png,1,43,41,vue,200,200,True,154.95999145507812,0.0,400,400
analog_01_43_41_wall.png,1,43,41,wall,200,200,True,126.76000213623047,0.0,400,400
analog_01_43_41_watch.png,1,43,41,watch,200,199,True,153.52000427246094,0.0,400,400
analog_01_45_27_3d.png,1,45,27,3d,199,200,True,153.8800048828125,0.0,400,400
analog_01_45_27_atc.png,1,45,27,atc,200,200,True,154.95999145507812,0.0,400,400
analog_01_45_27_design3.png,1,45,27,design3,200,200,True,148.1199951171875,0.0,400,400
analog_01_45_27_js30.png,1,45,27,js30,200,200,True,149.9199981689453,0.0,400,400
analog_01_45_27_orange.png,1,45,27,orange,200,199,True,158.32000732421875,0.0,400,400
analog_01_45_27_simple.png,1,45,27,simple,200,200,False,,0.0,400,400
analog_01_45_27_sweet.png,1,45,27,sweet,200,200,True,154.48001098632812,0.0,400,400
analog_01_45_27_vue.png,1,45,27,vue,200,200,True,154.95999145507812,0.0,400,400
analog_01_45_27_wall.png,1,45,27,wall,200,200,True,126.76000213623047,0.0,400,400
analog_01_45_27_watch.png,1,45,27,watch,200,199,True,153.52000427246094,0.0,400,400
analog_01_46_29_3d.png,1,46,29,3d,199,200,True,153.8800048828125,0.0,400,400
analog_01_46_29_atc.png,1,46,29,atc,200,200,True,154.95999145507812,0.0,400,400
analog_01_46_29_design3.png,1,46,29,design3,200,200,True,148.1199951171875,0.0,400,400
analog_01_46_29_js30.png,1,46,29,js30,200,200,True,149.9199981689453,0.0,400,400
analog_01_46_29_orange.png,1,46,29,orange,200,199,True,158.32000732421875,0.0,400,400
analog_01_46_29_simple.png,1,46,29,simple,344,255,True,149.9199981689453,0.0,400,400
analog_01_46_29_sweet.png,1,46,29,sweet,200,200,True,154.48001098632812,0.0,400,400
analog_01_46_29_vue.png,1,46,29,vue,200,200,True,154.95999145507812,0.0,400,400
analog_01_46_29_wall.png,1,46,29,wall,200,200,True,126.76000213623047,0.0,400,400
analog_01_46_29_watch.png,1,46,29,watch,200,199,True,153.52000427246094,0.0,400,400
analog_01_47_20_3d.png,1,47,20,3d,199,200,True,153.8800048828125,0.0,400,400
analog_01_47_20_atc.png,1,47,20,atc,200,200,True,154.95999145507812,0.0,400,400
analog_01_47_20_design3.png,1,47,20,design3,200,200,True,148.1199951171875,0.0,400,400
analog_01_47_20_js30.png,1,47,20,js30,200,200,True,149.9199981689453,0.0,400,400
analog_01_47_20_orange.png,1,47,20,orange,200,199,True,158.32000732421875,0.0,400,400
analog_01_47_20_simple.png,1,47,20,simple,200,200,False,,0.0,400,400
analog_01_47_20_sweet.png,1,47,20,sweet,200,200,True,154.48001098632812,0.0,400,400
analog_01_47_20_vue.png,1,47,20,vue,200,200,True,154.95999145507812,0.0,400,400
analog_01_47_20_wall.png,1,47,20,wall,200,200,True,126.76000213623047,0.0,400,400
analog_01_47_20_watch.png,1,47,20,watch,200,199,True,153.52000427246094,0.0,400,400
analog_01_48_01_3d.png,1,48,1,3d,199,200,True,153.8800048828125,0.0,400,400
analog_01_48_01_atc.png,1,48,1,atc,200,200,True,154.95999145507812,0.0,400,400
analog_01_48_01_design3.png,1,48,1,design3,200,200,True,148.1199951171875,0.0,400,400
analog_01_48_01_js30.png,1,48,1,js30,200,200,True,149.9199981689453,0.0,400,400
analog_01_48_01_orange.png,1,48,1,orange,200,199,True,158.32000732421875,0.0,400,400
analog_01_48_01_simple.png,1,48,1,simple,200,200,False,,0.0,400,400
analog_01_48_01_sweet.png,1,48,1,sweet,200,200,True,154.48001098632812,0.0,400,400
analog_01_48_01_vue.png,1,48,1,vue,200,200,True,154.95999145507812,0.0,400,400
analog_01_48_01_wall.png,1,48,1,wall,200,200,True,126.76000213623047,0.0,400,400
analog_01_48_01_watch.png,1,48,1,watch,200,199,True,153.52000427246094,0.0,400,400
analog_01_51_20_3d.png,1,51,20,3d,199,200,True,153.8800048828125,0.0,400,400
analog_01_51_20_atc.png,1,51,20,atc,200,200,True,154.95999145507812,0.0,400,400
analog_01_51_20_design3.png,1,51,20,design3,200,200,True,148.1199951171875,0.0,400,400
analog_01_51_20_js30.png,1,51,20,js30,200,200,True,149.9199981689453,0.0,400,400
analog_01_51_20_orange.png,1,51,20,orange,200,199,True,158.32000732421875,0.0,400,400
analog_01_51_20_simple.png,1,51,20,simple,200,200,False,,0.0,400,400
analog_01_51_20_sweet.png,1,51,20,sweet,200,200,True,154.48001098632812,0.0,400,400
analog_01_51_20_vue.png,1,51,20,vue,200,200,True,154.95999145507812,0.0,400,400
analog_01_51_20_wall.png,1,51,20,wall,200,200,True,126.76000213623047,0.0,400,400
analog_01_51_20_watch.png,1,51,20,watch,200,199,True,153.52000427246094,0.0,400,400
analog_01_54_30_3d.png,1,54,30,3d,199,200,True,153.8800048828125,0.0,400,400
analog_01_54_30_atc.png,1,54,30,atc,200,200,True,154.95999145507812,0.0,400,400
analog_01_54_30_design3.png,1,54,30,design3,200,200,True,148.1199951171875,0.0,400,400
analog_01_54_30_js30.png,1,54,30,js30,200,200,True,149.9199981689453,0.0,400,400
analog_01_54_30_orange.png,1,54,30,orange,200,199,True,158.32000732421875,0.0,400,400
analog_01_54_30_simple.png,1,54,30,simple,200,200,False,,0.0,400,400
analog_01_54_30_sweet.png,1,54,30,sweet,200,200,True,154.48001098632812,0.0,400,400
analog_01_54_30_vue.png,1,54,30,vue,200,200,True,154.95999145507812,0.0,400,400
analog_01_54_30_wall.png,1,54,30,wall,200,200,True,126.76000213623047,0.0,400,400
analog_01_54_30_watch.png,1,54,30,watch,200,199,True,153.52000427246094,0.0,400,400
analog_01_55_21_3d.png,1,55,21,3d,199,200,True,153.8800048828125,0.0,400,400
analog_01_55_21_atc.png,1,55,21,atc,200,200,True,154.95999145507812,0.0,400,400
analog_01_55_21_design3.png,1,55,21,design3,200,200,True,148.1199951171875,0.0,400,400
analog_01_55_21_js30.png,1,55,21,js30,200,200,True,149.9199981689453,0.0,400,400
analog_01_55_21_orange.png,1,55,21,orange,200,199,True,158.32000732421875,0.0,400,400
analog_01_55_21_simple.png,1,55,21,simple,200,200,False,,0.0,400,400
analog_01_55_21_sweet.png,1,55,21,sweet,200,200,True,154.48001098632812,0.0,400,400
analog_01_55_21_vue.png,1,55,21,vue,200,200,True,154.95999145507812,0.0,400,400
analog_01_55_21_wall.png,1,55,21,wall,200,200,True,126.76000213623047,0.0,400,400
analog_01_55_21_watch.png,1,55,21,watch,200,199,True,153.52000427246094,0.0,400,400
analog_01_57_22_3d.png,1,57,22,3d,199,200,True,153.8800048828125,0.0,400,400
analog_01_57_22_atc.png,1,57,22,atc,200,200,True,154.95999145507812,0.0,400,400
analog_01_57_22_design3.png,1,57,22,design3,200,200,True,148.1199951171875,0.0,400,400
analog_01_57_22_js30.png,1,57,22,js30,200,200,True,149.9199981689453,0.0,400,400
analog_01_57_22_orange.png,1,57,22,orange,200,199,True,158.32000732421875,0.0,400,400
analog_01_57_22_simple.png,1,57,22,simple,200,200,False,,0.0,400,400
analog_01_57_22_sweet.png,1,57,22,sweet,200,200,True,154.48001098632812,0.0,400,400
analog_01_57_22_vue.png,1,57,22,vue,200,200,True,154.95999145507812,0.0,400,400
analog_01_57_22_wall.png,1,57,22,wall,200,200,True,126.76000213623047,0.0,400,400
analog_01_57_22_watch.png,1,57,22,watch,200,199,True,153.52000427246094,0.0,400,400
analog_02_00_00_3d.png,2,0,0,3d,199,200,True,153.8800048828125,0.0,400,400
analog_02_00_00_atc.png,2,0,0,atc,200,200,True,154.95999145507812,0.0,400,400
analog_02_00_00_design3.png,2,0,0,design3,200,200,True,148.1199951171875,0.0,400,400
analog_02_00_00_js30.png,2,0,0,js30,200,200,True,149.9199981689453,0.0,400,400
analog_02_00_00_orange.png,2,0,0,orange,200,199,True,158.32000732421875,0.0,400,400
analog_02_00_00_simple.png,2,0,0,simple,200,200,False,,0.0,400,400
analog_02_00_00_sweet.png,2,0,0,sweet,200,200,True,154.48001098632812,0.0,400,400
analog_02_00_00_vue.png,2,0,0,vue,200,200,True,154.95999145507812,0.0,400,400
analog_02_00_00_wall.png,2,0,0,wall,200,200,True,126.76000213623047,0.0,400,400
analog_02_00_00_watch.png,2,0,0,watch,200,199,True,153.52000427246094,0.0,400,400
analog_02_00_29_3d.png,2,0,29,3d,199,200,True,153.8800048828125,0.0,400,400
analog_02_00_29_atc.png,2,0,29,atc,200,200,True,154.95999145507812,0.0,400,400
analog_02_00_29_design3.png,2,0,29,design3,200,200,True,148.1199951171875,0.0,400,400
analog_02_00_29_js30.png,2,0,29,js30,200,200,True,149.9199981689453,0.0,400,400
analog_02_00_29_orange.png,2,0,29,orange,200,199,True,158.32000732421875,0.0,400,400
analog_02_00_29_simple.png,2,0,29,simple,200,200,False,,0.0,400,400
analog_02_00_29_sweet.png,2,0,29,sweet,200,200,True,154.48001098632812,0.0,400,400
analog_02_00_29_vue.png,2,0,29,vue,200,200,True,154.95999145507812,0.0,400,400
analog_02_00_29_wall.png,2,0,29,wall,200,200,True,126.76000213623047,0.0,400,400
analog_02_00_29_watch.png,2,0,29,watch,200,199,True,153.52000427246094,0.0,400,400
analog_02_05_46_3d.png,2,5,46,3d,199,200,True,153.8800048828125,0.0,400,400
analog_02_05_46_atc.png,2,5,46,atc,200,200,True,154.95999145507812,0.0,400,400
analog_02_05_46_design3.png,2,5,46,design3,200,200,True,148.1199951171875,0.0,400,400
analog_02_05_46_js30.png,2,5,46,js30,200,200,True,149.9199981689453,0.0,400,400
analog_02_05_46_orange.png,2,5,46,orange,200,199,True,158.32000732421875,0.0,400,400
analog_02_05_46_simple.png,2,5,46,simple,200,200,False,,0.0,400,400
analog_02_05_46_sweet.png,2,5,46,sweet,200,200,True,154.48001098632812,0.0,400,400
analog_02_05_46_vue.png,2,5,46,vue,200,200,True,154.95999145507812,0.0,400,400
analog_02_05_46_wall.png,2,5,46,wall,200,200,True,126.76000213623047,0.0,400,400
analog_02_05_46_watch.png,2,5,46,watch,200,199,True,153.52000427246094,0.0,400,400
analog_02_08_09_3d.png,2,8,9,3d,199,200,True,153.8800048828125,0.0,400,400
analog_02_08_09_atc.png,2,8,9,atc,200,200,True,154.95999145507812,0.0,400,400
analog_02_08_09_design3.png,2,8,9,design3,200,200,True,148.1199951171875,0.0,400,400
analog_02_08_09_js30.png,2,8,9,js30,200,200,True,149.9199981689453,0.0,400,400
analog_02_08_09_orange.png,2,8,9,orange,200,199,True,158.32000732421875,0.0,400,400
analog_02_08_09_simple.png,2,8,9,simple,344,268,True,145.83999633789062,0.0,400,400
analog_02_08_09_sweet.png,2,8,9,sweet,200,200,True,154.48001098632812,0.0,400,400
analog_02_08_09_vue.png,2,8,9,vue,200,200,True,154.95999145507812,0.0,400,400
analog_02_08_09_wall.png,2,8,9,wall,200,200,True,126.76000213623047,0.0,400,400
analog_02_08_09_watch.png,2,8,9,watch,200,199,True,153.52000427246094,0.0,400,400
analog_02_10_10_3d.png,2,10,10,3d,199,200,True,153.8800048828125,0.0,400,400
analog_02_10_10_atc.png,2,10,10,atc,200,200,True,154.95999145507812,0.0,400,400
analog_02_10_10_design3.png,2,10,10,design3,200,200,True,148.1199951171875,0.0,400,400
analog_02_10_10_js30.png,2,10,10,js30,200,200,True,149.9199981689453,0.0,400,400
analog_02_10_10_orange.png,2,10,10,orange,200,199,True,158.32000732421875,0.0,400,400
analog_02_10_10_simple.png,2,10,10,simple,200,200,False,,0.0,400,400
analog_02_10_10_sweet.png,2,10,10,sweet,200,200,True,154.48001098632812,0.0,400,400
analog_02_10_10_vue.png,2,10,10,vue,200,200,True,154.95999145507812,0.0,400,400
analog_02_10_10_wall.png,2,10,10,wall,200,200,True,126.76000213623047,0.0,400,400
analog_02_10_10_watch.png,2,10,10,watch,200,199,True,153.52000427246094,0.0,400,400
analog_02_13_14_3d.png,2,13,14,3d,199,200,True,153.8800048828125,0.0,400,400
analog_02_13_14_atc.png,2,13,14,atc,200,200,True,154.95999145507812,0.0,400,400
analog_02_13_14_design3.png,2,13,14,design3,200,200,True,148.1199951171875,0.0,400,400
analog_02_13_14_js30.png,2,13,14,js30,200,200,True,149.9199981689453,0.0,400,400
analog_02_13_14_orange.png,2,13,14,orange,200,199,True,158.32000732421875,0.0,400,400
analog_02_13_14_simple.png,2,13,14,simple,200,200,False,,0.0,400,400
analog_02_13_14_sweet.png,2,13,14,sweet,200,200,True,154.48001098632812,0.0,400,400
analog_02_13_14_vue.png,2,13,14,vue,200,200,True,154.95999145507812,0.0,400,400
analog_02_13_14_wall.png,2,13,14,wall,200,200,True,126.76000213623047,0.0,400,400
analog_02_13_14_watch.png,2,13,14,watch,200,199,True,153.52000427246094,0.0,400,400
analog_02_13_42_3d.png,2,13,42,3d,199,200,True,153.8800048828125,0.0,400,400
analog_02_13_42_atc.png,2,13,42,atc,200,200,True,154.95999145507812,0.0,400,400
analog_02_13_42_design3.png,2,13,42,design3,200,200,True,148.1199951171875,0.0,400,400
analog_02_13_42_js30.png,2,13,42,js30,200,200,True,149.9199981689453,0.0,400,400
analog_02_13_42_orange.png,2,13,42,orange,200,199,True,158.32000732421875,0.0,400,400
analog_02_13_42_simple.png,2,13,42,simple,200,200,False,,0.0,400,400
analog_02_13_42_sweet.png,2,13,42,sweet,200,200,True,154.48001098632812,0.0,400,400
analog_02_13_42_vue.png,2,13,42,vue,200,200,True,154.95999145507812,0.0,400,400
analog_02_13_42_wall.png,2,13,42,wall,200,200,True,126.76000213623047,0.0,400,400
analog_02_13_42_watch.png,2,13,42,watch,200,199,True,153.52000427246094,0.0,400,400
analog_02_17_56_3d.png,2,17,56,3d,199,200,True,153.8800048828125,0.0,400,400
analog_02_17_56_atc.png,2,17,56,atc,200,200,True,154.95999145507812,0.0,400,400
analog_02_17_56_design3.png,2,17,56,design3,200,200,True,148.1199951171875,0.0,400,400
analog_02_17_56_js30.png,2,17,56,js30,200,200,True,149.9199981689453,0.0,400,400
analog_02_17_56_orange.png,2,17,56,orange,200,199,True,158.32000732421875,0.0,400,400
analog_02_17_56_simple.png,2,17,56,simple,200,200,False,,0.0,400,400
analog_02_17_56_sweet.png,2,17,56,sweet,200,200,True,154.48001098632812,0.0,400,400
analog_02_17_56_vue.png,2,17,56,vue,200,200,True,154.95999145507812,0.0,400,400
analog_02_17_56_wall.png,2,17,56,wall,200,200,True,126.76000213623047,0.0,400,400
analog_02_17_56_watch.png,2,17,56,watch,200,199,True,153.52000427246094,0.0,400,400
analog_02_18_32_3d.png,2,18,32,3d,199,200,True,153.8800048828125,0.0,400,400
analog_02_18_32_atc.png,2,18,32,atc,200,200,True,154.95999145507812,0.0,400,400
analog_02_18_32_design3.png,2,18,32,design3,200,200,True,148.1199951171875,0.0,400,400
analog_02_18_32_js30.png,2,18,32,js30,200,200,True,149.9199981689453,0.0,400,400
analog_02_18_32_orange.png,2,18,32,orange,200,199,True,158.32000732421875,0.0,400,400
analog_02_18_32_simple.png,2,18,32,simple,200,200,False,,0.0,400,400
analog_02_18_32_sweet.png,2,18,32,sweet,200,200,True,154.48001098632812,0.0,400,400
analog_02_18_32_vue.png,2,18,32,vue,200,200,True,154.95999145507812,0.0,400,400
analog_02_18_32_wall.png,2,18,32,wall,200,200,True,126.76000213623047,0.0,400,400
analog_02_18_32_watch.png,2,18,32,watch,200,199,True,153.52000427246094,0.0,400,400
analog_02_26_26_3d.png,2,26,26,3d,199,200,True,153.8800048828125,0.0,400,400
analog_02_26_26_atc.png,2,26,26,atc,200,200,True,154.95999145507812,0.0,400,400
analog_02_26_26_design3.png,2,26,26,design3,200,200,True,148.1199951171875,0.0,400,400
analog_02_26_26_js30.png,2,26,26,js30,200,200,True,149.9199981689453,0.0,400,400
analog_02_26_26_orange.png,2,26,26,orange,200,199,True,158.32000732421875,0.0,400,400
analog_02_26_26_simple.png,2,26,26,simple,200,200,False,,0.0,400,400
analog_02_26_26_sweet.png,2,26,26,sweet,200,200,True,154.48001098632812,0.0,400,400
analog_02_26_26_vue.png,2,26,26,vue,200,200,True,154.95999145507812,0.0,400,400
analog_02_26_26_wall.png,2,26,26,wall,200,200,True,126.76000213623047,0.0,400,400
analog_02_26_26_watch.png,2,26,26,watch,200,199,True,153.52000427246094,0.0,400,400
analog_02_26_42_3d.png,2,26,42,3d,199,200,True,153.8800048828125,0.0,400,400
analog_02_26_42_atc.png,2,26,42,atc,200,200,True,154.95999145507812,0.0,400,400
analog_02_26_42_design3.png,2,26,42,design3,200,200,True,148.1199951171875,0.0,400,400
analog_02_26_42_js30.png,2,26,42,js30,200,200,True,149.9199981689453,0.0,400,400
analog_02_26_42_orange.png,2,26,42,orange,200,199,True,158.32000732421875,0.0,400,400
analog_02_26_42_simple.png,2,26,42,simple,200,200,False,,0.0,400,400
analog_02_26_42_sweet.png,2,26,42,sweet,200,200,True,154.48001098632812,0.0,400,400
analog_02_26_42_vue.png,2,26,42,vue,200,200,True,154.95999145507812,0.0,400,400
analog_02_26_42_wall.png,2,26,42,wall,200,200,True,126.76000213623047,0.0,400,400
analog_02_26_42_watch.png,2,26,42,watch,200,199,True,153.52000427246094,0.0,400,400
analog_02_28_51_3d.png,2,28,51,3d,199,200,True,153.8800048828125,0.0,400,400
analog_02_28_51_atc.png,2,28,51,atc,200,200,True,154.95999145507812,0.0,400,400
analog_02_28_51_design3.png,2,28,51,design3,200,200,True,148.1199951171875,0.0,400,400
analog_02_28_51_js30.png,2,28,51,js30,200,200,True,149.9199981689453,0.0,400,400
analog_02_28_51_orange.png,2,28,51,orange,200,199,True,158.32000732421875,0.0,400,400
analog_02_28_51_simple.png,2,28,51,simple,200,200,False,,0.0,400,400
analog_02_28_51_sweet.png,2,28,51,sweet,200,200,True,154.48001098632812,0.0,400,400
analog_02_28_51_vue.png,2,28,51,vue,200,200,True,154.95999145507812,0.0,400,400
analog_02_28_51_wall.png,2,28,51,wall,200,200,True,126.76000213623047,0.0,400,400
analog_02_28_51_watch.png,2,28,51,watch,200,199,True,153.52000427246094,0.0,400,400
analog_02_29_26_3d.png,2,29,26,3d,199,200,True,153.8800048828125,0.0,400,400
analog_02_29_26_atc.png,2,29,26,atc,200,200,True,154.95999145507812,0.0,400,400
analog_02_29_26_design3.png,2,29,26,design3,200,200,True,148.1199951171875,0.0,400,400
analog_02_29_26_js30.png,2,29,26,js30,200,200,True,149.9199981689453,0.0,400,400
analog_02_29_26_orange.png,2,29,26,orange,200,199,True,158.32000732421875,0.0,400,400
analog_02_29_26_simple.png,2,29,26,simple,200,200,False,,0.0,400,400
analog_02_29_26_sweet.png,2,29,26,sweet,200,200,True,154.48001098632812,0.0,400,400
analog_02_29_26_vue.png,2,29,26,vue,200,200,True,154.95999145507812,0.0,400,400
analog_02_29_26_wall.png,2,29,26,wall,200,200,True,126.76000213623047,0.0,400,400
analog_02_29_26_watch.png,2,29,26,watch,200,199,True,153.52000427246094,0.0,400,400
analog_02_30_01_3d.png,2,30,1,3d,199,200,True,153.8800048828125,0.0,400,400
analog_02_30_01_atc.png,2,30,1,atc,200,200,True,154.95999145507812,0.0,400,400
analog_02_30_01_design3.png,2,30,1,design3,200,200,True,148.1199951171875,0.0,400,400
analog_02_30_01_js30.png,2,30,1,js30,200,200,True,149.9199981689453,0.0,400,400
analog_02_30_01_orange.png,2,30,1,orange,200,199,True,158.32000732421875,0.0,400,400
analog_02_30_01_simple.png,2,30,1,simple,200,200,False,,0.0,400,400
analog_02_30_01_sweet.png,2,30,1,sweet,200,200,True,154.48001098632812,0.0,400,400
analog_02_30_01_vue.png,2,30,1,vue,200,200,True,154.95999145507812,0.0,400,400
analog_02_30_01_wall.png,2,30,1,wall,200,200,True,126.76000213623047,0.0,400,400
analog_02_30_01_watch.png,2,30,1,watch,200,199,True,153.52000427246094,0.0,400,400
analog_02_32_15_3d.png,2,32,15,3d,199,200,True,153.8800048828125,0.0,400,400
analog_02_32_15_atc.png,2,32,15,atc,200,200,True,154.95999145507812,0.0,400,400
analog_02_32_15_design3.png,2,32,15,design3,200,200,True,148.1199951171875,0.0,400,400
analog_02_32_15_js30.png,2,32,15,js30,200,200,True,149.9199981689453,0.0,400,400
analog_02_32_15_orange.png,2,32,15,orange,200,199,True,158.32000732421875,0.0,400,400
analog_02_32_15_simple.png,2,32,15,simple,200,200,False,,0.0,400,400
analog_02_32_15_sweet.png,2,32,15,sweet,200,200,True,154.48001098632812,0.0,400,400
analog_02_32_15_vue.png,2,32,15,vue,200,200,True,154.95999145507812,0.0,400,400
analog_02_32_15_wall.png,2,32,15,wall,200,200,True,126.76000213623047,0.0,400,400
analog_02_32_15_watch.png,2,32,15,watch,200,199,True,153.52000427246094,0.0,400,400
analog_02_34_13_3d.png,2,34,13,3d,199,200,True,153.8800048828125,0.0,400,400
analog_02_34_13_atc.png,2,34,13,atc,200,200,True,154.95999145507812,0.0,400,400
analog_02_34_13_design3.png,2,34,13,design3,200,200,True,148.1199951171875,0.0,400,400
analog_02_34_13_js30.png,2,34,13,js30,200,200,True,149.9199981689453,0.0,400,400
analog_02_34_13_orange.png,2,34,13,orange,200,199,True,158.32000732421875,0.0,400,400
analog_02_34_13_simple.png,2,34,13,simple,200,200,False,,0.0,400,400
analog_02_34_13_sweet.png,2,34,13,sweet,200,200,True,154.48001098632812,0.0,400,400
analog_02_34_13_vue.png,2,34,13,vue,200,200,True,154.95999145507812,0.0,400,400
analog_02_34_13_wall.png,2,34,13,wall,200,200,True,126.76000213623047,0.0,400,400
analog_02_34_13_watch.png,2,34,13,watch,200,199,True,153.52000427246094,0.0,400,400
analog_02_42_58_3d.png,2,42,58,3d,199,200,True,153.8800048828125,0.0,400,400
analog_02_42_58_atc.png,2,42,58,atc,200,200,True,154.95999145507812,0.0,400,400
analog_02_42_58_design3.png,2,42,58,design3,200,200,True,148.1199951171875,0.0,400,400
analog_02_42_58_js30.png,2,42,58,js30,200,200,True,149.9199981689453,0.0,400,400
analog_02_42_58_orange.png,2,42,58,orange,200,199,True,158.32000732421875,0.0,400,400
analog_02_42_58_simple.png,2,42,58,simple,200,200,False,,0.0,400,400
analog_02_42_58_sweet.png,2,42,58,sweet,200,200,True,154.48001098632812,0.0,400,400
analog_02_42_58_vue.png,2,42,58,vue,200,200,True,154.95999145507812,0.0,400,400
analog_02_42_58_wall.png,2,42,58,wall,200,200,True,126.76000213623047,0.0,400,400
analog_02_42_58_watch.png,2,42,58,watch,200,199,True,153.52000427246094,0.0,400,400
analog_02_43_55_3d.png,2,43,55,3d,199,200,True,153.8800048828125,0.0,400,400
analog_02_43_55_atc.png,2,43,55,atc,200,200,True,154.95999145507812,0.0,400,400
analog_02_43_55_design3.png,2,43,55,design3,200,200,True,148.1199951171875,0.0,400,400
analog_02_43_55_js30.png,2,43,55,js30,200,200,True,149.9199981689453,0.0,400,400
analog_02_43_55_orange.png,2,43,55,orange,200,199,True,158.32000732421875,0.0,400,400
analog_02_43_55_simple.png,2,43,55,simple,200,200,False,,0.0,400,400
analog_02_43_55_sweet.png,2,43,55,sweet,200,200,True,154.48001098632812,0.0,400,400
analog_02_43_55_vue.png,2,43,55,vue,200,200,True,154.95999145507812,0.0,400,400
analog_02_43_55_wall.png,2,43,55,wall,200,200,True,126.76000213623047,0.0,400,400
analog_02_43_55_watch.png,2,43,55,watch,200,199,True,153.52000427246094,0.0,400,400
analog_02_45_18_3d.png,2,45,18,3d,199,200,True,153.8800048828125,0.0,400,400
analog_02_45_18_atc.png,2,45,18,atc,200,200,True,154.95999145507812,0.0,400,400
analog_02_45_18_design3.png,2,45,18,design3,200,200,True,148.1199951171875,0.0,400,400
analog_02_45_18_js30.png,2,45,18,js30,200,200,True,149.9199981689453,0.0,400,400
analog_02_45_18_orange.png,2,45,18,orange,200,199,True,158.32000732421875,0.0,400,400
analog_02_45_18_simple.png,2,45,18,simple,200,200,False,,0.0,400,400
analog_02_45_18_sweet.png,2,45,18,sweet,200,200,True,154.48001098632812,0.0,400,400
analog_02_45_18_vue.png,2,45,18,vue,200,200,True,154.95999145507812,0.0,400,400
analog_02_45_18_wall.png,2,45,18,wall,200,200,True,126.76000213623047,0.0,400,400
analog_02_45_18_watch.png,2,45,18,watch,200,199,True,153.52000427246094,0.0,400,400
analog_02_48_03_3d.png,2,48,3,3d,199,200,True,153.8800048828125,0.0,400,400
analog_02_48_03_atc.png,2,48,3,atc,200,200,True,154.95999145507812,0.0,400,400
analog_02_48_03_design3.png,2,48,3,design3,200,200,True,148.1199951171875,0.0,400,400
analog_02_48_03_js30.png,2,48,3,js30,200,200,True,149.9199981689453,0.0,400,400
analog_02_48_03_orange.png,2,48,3,orange,200,199,True,158.32000732421875,0.0,400,400
analog_02_48_03_simple.png,2,48,3,simple,200,200,False,,0.0,400,400
analog_02_48_03_sweet.png,2,48,3,sweet,200,200,True,154.48001098632812,0.0,400,400
analog_02_48_03_vue.png,2,48,3,vue,200,200,True,154.95999145507812,0.0,400,400
analog_02_48_03_wall.png,2,48,3,wall,200,200,True,126.76000213623047,0.0,400,400
analog_02_48_03_watch.png,2,48,3,watch,200,199,True,153.52000427246094,0.0,400,400
analog_02_49_17_3d.png,2,49,17,3d,199,200,True,153.8800048828125,0.0,400,400
analog_02_49_17_atc.png,2,49,17,atc,200,200,True,154.95999145507812,0.0,400,400
analog_02_49_17_design3.png,2,49,17,design3,200,200,True,148.1199951171875,0.0,400,400
analog_02_49_17_js30.png,2,49,17,js30,200,200,True,149.9199981689453,0.0,400,400
analog_02_49_17_orange.png,2,49,17,orange,200,199,True,158.32000732421875,0.0,400,400
analog_02_49_17_simple.png,2,49,17,simple,200,200,False,,0.0,400,400
analog_02_49_17_sweet.png,2,49,17,sweet,200,200,True,154.48001098632812,0.0,400,400
analog_02_49_17_vue.png,2,49,17,vue,200,200,True,154.95999145507812,0.0,400,400
analog_02_49_17_wall.png,2,49,17,wall,200,200,True,126.76000213623047,0.0,400,400
analog_02_49_17_watch.png,2,49,17,watch,200,199,True,153.52000427246094,0.0,400,400
analog_02_49_41_3d.png,2,49,41,3d,199,200,True,153.8800048828125,0.0,400,400
analog_02_49_41_atc.png,2,49,41,atc,200,200,True,154.95999145507812,0.0,400,400
analog_02_49_41_design3.png,2,49,41,design3,200,200,True,148.1199951171875,0.0,400,400
analog_02_49_41_js30.png,2,49,41,js30,200,200,True,149.9199981689453,0.0,400,400
analog_02_49_41_orange.png,2,49,41,orange,200,199,True,158.32000732421875,0.0,400,400
analog_02_49_41_simple.png,2,49,41,simple,200,200,False,,0.0,400,400
analog_02_49_41_sweet.png,2,49,41,sweet,200,200,True,154.48001098632812,0.0,400,400
analog_02_49_41_vue.png,2,49,41,vue,200,200,True,154.95999145507812,0.0,400,400
analog_02_49_41_wall.png,2,49,41,wall,200,200,True,126.76000213623047,0.0,400,400
analog_02_49_41_watch.png,2,49,41,watch,200,199,True,153.52000427246094,0.0,400,400
analog_02_56_44_3d.png,2,56,44,3d,199,200,True,153.8800048828125,0.0,400,400
analog_02_56_44_atc.png,2,56,44,atc,200,200,True,154.95999145507812,0.0,400,400
analog_02_56_44_design3.png,2,56,44,design3,200,200,True,148.1199951171875,0.0,400,400
analog_02_56_44_js30.png,2,56,44,js30,200,200,True,149.9199981689453,0.0,400,400
analog_02_56_44_orange.png,2,56,44,orange,200,199,True,158.32000732421875,0.0,400,400
analog_02_56_44_simple.png,2,56,44,simple,200,200,False,,0.0,400,400
analog_02_56_44_sweet.png,2,56,44,sweet,200,200,True,154.48001098632812,0.0,400,400
analog_02_56_44_vue.png,2,56,44,vue,200,200,True,154.95999145507812,0.0,400,400
analog_02_56_44_wall.png,2,56,44,wall,200,200,True,126.76000213623047,0.0,400,400
analog_02_56_44_watch.png,2,56,44,watch,200,199,True,153.52000427246094,0.0,400,400
analog_03_00_00_3d.png,3,0,0,3d,199,200,True,153.8800048828125,0.0,400,400
analog_03_00_00_atc.png,3,0,0,atc,200,200,True,154.95999145507812,0.0,400,400
analog_03_00_00_design3.png,3,0,0,design3,200,200,True,148.1199951171875,0.0,400,400
analog_03_00_00_js30.png,3,0,0,js30,200,200,True,149.9199981689453,0.0,400,400
analog_03_00_00_orange.png,3,0,0,orange,200,199,True,158.32000732421875,0.0,400,400
analog_03_00_00_simple.png,3,0,0,simple,200,200,False,,0.0,400,400
analog_03_00_00_sweet.png,3,0,0,sweet,200,200,True,154.48001098632812,0.0,400,400
analog_03_00_00_vue.png,3,0,0,vue,200,200,True,154.95999145507812,0.0,400,400
analog_03_00_00_wall.png,3,0,0,wall,200,200,True,126.76000213623047,0.0,400,400
analog_03_00_00_watch.png,3,0,0,watch,200,199,True,153.52000427246094,0.0,400,400
analog_03_05_24_3d.png,3,5,24,3d,199,200,True,153.8800048828125,0.0,400,400
analog_03_05_24_atc.png,3,5,24,atc,200,200,True,154.95999145507812,0.0,400,400
analog_03_05_24_design3.png,3,5,24,design3,200,200,True,148.1199951171875,0.0,400,400
analog_03_05_24_js30.png,3,5,24,js30,200,200,True,149.9199981689453,0.0,400,400
analog_03_05_24_orange.png,3,5,24,orange,200,199,True,158.32000732421875,0.0,400,400
analog_03_05_24_simple.png,3,5,24,simple,200,200,False,,0.0,400,400
analog_03_05_24_sweet.png,3,5,24,sweet,200,200,True,154.48001098632812,0.0,400,400
analog_03_05_24_vue.png,3,5,24,vue,200,200,True,154.95999145507812,0.0,400,400
analog_03_05_24_wall.png,3,5,24,wall,200,200,True,126.76000213623047,0.0,400,400
analog_03_05_24_watch.png,3,5,24,watch,200,199,True,153.52000427246094,0.0,400,400
analog_03_09_40_3d.png,3,9,40,3d,199,200,True,153.8800048828125,0.0,400,400
analog_03_09_40_atc.png,3,9,40,atc,200,200,True,154.95999145507812,0.0,400,400
analog_03_09_40_design3.png,3,9,40,design3,200,200,True,148.1199951171875,0.0,400,400
analog_03_09_40_js30.png,3,9,40,js30,200,200,True,149.9199981689453,0.0,400,400
analog_03_09_40_orange.png,3,9,40,orange,200,199,True,158.32000732421875,0.0,400,400
analog_03_09_40_simple.png,3,9,40,simple,200,200,False,,0.0,400,400
analog_03_09_40_sweet.png,3,9,40,sweet,200,200,True,154.48001098632812,0.0,400,400
analog_03_09_40_vue.png,3,9,40,vue,200,200,True,154.95999145507812,0.0,400,400
analog_03_09_40_wall.png,3,9,40,wall,200,200,True,126.76000213623047,0.0,400,400
analog_03_09_40_watch.png,3,9,40,watch,200,199,True,153.52000427246094,0.0,400,400
analog_03_15_12_3d.png,3,15,12,3d,199,200,True,153.8800048828125,0.0,400,400
analog_03_15_12_atc.png,3,15,12,atc,200,200,True,154.95999145507812,0.0,400,400
analog_03_15_12_design3.png,3,15,12,design3,200,200,True,148.1199951171875,0.0,400,400
analog_03_15_12_js30.png,3,15,12,js30,200,200,True,149.9199981689453,0.0,400,400
analog_03_15_12_orange.png,3,15,12,orange,200,199,True,158.32000732421875,0.0,400,400
analog_03_15_12_simple.png,3,15,12,simple,200,200,False,,0.0,400,400
analog_03_15_12_sweet.png,3,15,12,sweet,200,200,True,154.48001098632812,0.0,400,400
analog_03_15_12_vue.png,3,15,12,vue,200,200,True,154.95999145507812,0.0,400,400
analog_03_15_12_wall.png,3,15,12,wall,200,200,True,126.76000213623047,0.0,400,400
analog_03_15_12_watch.png,3,15,12,watch,200,199,True,153.52000427246094,0.0,400,400
analog_03_15_15_3d.png,3,15,15,3d,199,200,True,153.8800048828125,0.0,400,400
analog_03_15_15_atc.png,3,15,15,atc,200,200,True,154.95999145507812,0.0,400,400
analog_03_15_15_design3.png,3,15,15,design3,200,200,True,148.1199951171875,0.0,400,400
analog_03_15_15_js30.png,3,15,15,js30,200,200,True,149.9199981689453,0.0,400,400
analog_03_15_15_orange.png,3,15,15,orange,200,199,True,158.32000732421875,0.0,400,400
analog_03_15_15_simple.png,3,15,15,simple,200,200,False,,0.0,400,400
analog_03_15_15_sweet.png,3,15,15,sweet,200,200,True,154.48001098632812,0.0,400,400
analog_03_15_15_vue.png,3,15,15,vue,200,200,True,154.95999145507812,0.0,400,400
analog_03_15_15_wall.png,3,15,15,wall,200,200,True,126.76000213623047,0.0,400,400
analog_03_15_15_watch.png,3,15,15,watch,200,199,True,153.52000427246094,0.0,400,400
analog_03_22_54_3d.png,3,22,54,3d,199,200,True,153.8800048828125,0.0,400,400
analog_03_22_54_atc.png,3,22,54,atc,200,200,True,154.95999145507812,0.0,400,400
analog_03_22_54_design3.png,3,22,54,design3,200,200,True,148.1199951171875,0.0,400,400
analog_03_22_54_js30.png,3,22,54,js30,200,200,True,149.9199981689453,0.0,400,400
analog_03_22_54_orange.png,3,22,54,orange,200,199,True,158.32000732421875,0.0,400,400
analog_03_22_54_simple.png,3,22,54,simple,200,200,False,,0.0,400,400
analog_03_22_54_sweet.png,3,22,54,sweet,200,200,True,154.48001098632812,0.0,400,400
analog_03_22_54_vue.png,3,22,54,vue,200,200,True,154.95999145507812,0.0,400,400
analog_03_22_54_wall.png,3,22,54,wall,200,200,True,126.76000213623047,0.0,400,400
analog_03_22_54_watch.png,3,22,54,watch,200,199,True,153.52000427246094,0.0,400,400
analog_03_29_08_3d.png,3,29,8,3d,199,200,True,153.8800048828125,0.0,400,400
analog_03_29_08_atc.png,3,29,8,atc,200,200,True,154.95999145507812,0.0,400,400
analog_03_29_08_design3.png,3,29,8,design3,200,200,True,148.1199951171875,0.0,400,400
analog_03_29_08_js30.png,3,29,8,js30,200,200,True,149.9199981689453,0.0,400,400
analog_03_29_08_orange.png,3,29,8,orange,200,199,True,158.32000732421875,0.0,400,400
analog_03_29_08_simple.png,3,29,8,simple,200,200,False,,0.0,400,400
analog_03_29_08_sweet.png,3,29,8,sweet,200,200,True,154.48001098632812,0.0,400,400
analog_03_29_08_vue.png,3,29,8,vue,200,200,True,154.95999145507812,0.0,400,400
analog_03_29_08_wall.png,3,29,8,wall,200,200,True,126.76000213623047,0.0,400,400
analog_03_29_08_watch.png,3,29,8,watch,200,199,True,153.52000427246094,0.0,400,400
analog_03_42_27_3d.png,3,42,27,3d,199,200,True,153.8800048828125,0.0,400,400
analog_03_42_27_atc.png,3,42,27,atc,200,200,True,154.95999145507812,0.0,400,400
analog_03_42_27_design3.png,3,42,27,design3,200,200,True,148.1199951171875,0.0,400,400
analog_03_42_27_js30.png,3,42,27,js30,200,200,True,149.9199981689453,0.0,400,400
analog_03_42_27_orange.png,3,42,27,orange,200,199,True,158.32000732421875,0.0,400,400
analog_03_42_27_simple.png,3,42,27,simple,200,200,False,,0.0,400,400
analog_03_42_27_sweet.png,3,42,27,sweet,200,200,True,154.48001098632812,0.0,400,400
analog_03_42_27_vue.png,3,42,27,vue,200,200,True,154.95999145507812,0.0,400,400
analog_03_42_27_wall.png,3,42,27,wall,200,200,True,126.76000213623047,0.0,400,400
analog_03_42_27_watch.png,3,42,27,watch,200,199,True,153.52000427246094,0.0,400,400
analog_03_43_47_3d.png,3,43,47,3d,199,200,True,153.8800048828125,0.0,400,400
analog_03_43_47_atc.png,3,43,47,atc,200,200,True,154.95999145507812,0.0,400,400
analog_03_43_47_design3.png,3,43,47,design3,200,200,True,148.1199951171875,0.0,400,400
analog_03_43_47_js30.png,3,43,47,js30,200,200,True,149.9199981689453,0.0,400,400
analog_03_43_47_orange.png,3,43,47,orange,200,199,True,158.32000732421875,0.0,400,400
analog_03_43_47_simple.png,3,43,47,simple,200,200,False,,0.0,400,400
analog_03_43_47_sweet.png,3,43,47,sweet,200,200,True,154.48001098632812,0.0,400,400
analog_03_43_47_vue.png,3,43,47,vue,200,200,True,154.95999145507812,0.0,400,400
analog_03_43_47_wall.png,3,43,47,wall,200,200,True,126.76000213623047,0.0,400,400
analog_03_43_47_watch.png,3,43,47,watch,200,199,True,153.52000427246094,0.0,400,400
analog_03_47_35_3d.png,3,47,35,3d,199,200,True,153.8800048828125,0.0,400,400
analog_03_47_35_atc.png,3,47,35,atc,200,200,True,154.95999145507812,0.0,400,400
analog_03_47_35_design3.png,3,47,35,design3,200,200,True,148.1199951171875,0.0,400,400
analog_03_47_35_js30.png,3,47,35,js30,200,200,True,149.9199981689453,0.0,400,400
analog_03_47_35_orange.png,3,47,35,orange,200,199,True,158.32000732421875,0.0,400,400
analog_03_47_35_simple.png,3,47,35,simple,200,200,False,,0.0,400,400
analog_03_47_35_sweet.png,3,47,35,sweet,200,200,True,154.48001098632812,0.0,400,400
analog_03_47_35_vue.png,3,47,35,vue,200,200,True,154.95999145507812,0.0,400,400
analog_03_47_35_wall.png,3,47,35,wall,200,200,True,126.76000213623047,0.0,400,400
analog_03_47_35_watch.png,3,47,35,watch,200,199,True,153.52000427246094,0.0,400,400
analog_03_49_27_3d.png,3,49,27,3d,199,200,True,153.8800048828125,0.0,400,400
analog_03_49_27_atc.png,3,49,27,atc,200,200,True,154.95999145507812,0.0,400,400
analog_03_49_27_design3.png,3,49,27,design3,200,200,True,148.1199951171875,0.0,400,400
analog_03_49_27_js30.png,3,49,27,js30,200,200,True,149.9199981689453,0.0,400,400
analog_03_49_27_orange.png,3,49,27,orange,200,199,True,158.32000732421875,0.0,400,400
analog_03_49_27_simple.png,3,49,27,simple,200,200,False,,0.0,400,400
analog_03_49_27_sweet.png,3,49,27,sweet,200,200,True,154.48001098632812,0.0,400,400
analog_03_49_27_vue.png,3,49,27,vue,200,200,True,154.95999145507812,0.0,400,400
analog_03_49_27_wall.png,3,49,27,wall,200,200,True,126.76000213623047,0.0,400,400
analog_03_49_27_watch.png,3,49,27,watch,200,199,True,153.52000427246094,0.0,400,400
analog_03_55_40_3d.png,3,55,40,3d,199,200,True,153.8800048828125,0.0,400,400
analog_03_55_40_atc.png,3,55,40,atc,200,200,True,154.95999145507812,0.0,400,400
analog_03_55_40_design3.png,3,55,40,design3,200,200,True,148.1199951171875,0.0,400,400
analog_03_55_40_js30.png,3,55,40,js30,200,200,True,149.9199981689453,0.0,400,400
analog_03_55_40_orange.png,3,55,40,orange,200,199,True,158.32000732421875,0.0,400,400
analog_03_55_40_simple.png,3,55,40,simple,200,200,False,,0.0,400,400
analog_03_55_40_sweet.png,3,55,40,sweet,200,200,True,154.48001098632812,0.0,400,400
analog_03_55_40_vue.png,3,55,40,vue,200,200,True,154.95999145507812,0.0,400,400
analog_03_55_40_wall.png,3,55,40,wall,200,200,True,126.76000213623047,0.0,400,400
analog_03_55_40_watch.png,3,55,40,watch,200,199,True,153.52000427246094,0.0,400,400
analog_03_56_16_3d.png,3,56,16,3d,199,200,True,153.8800048828125,0.0,400,400
analog_03_56_16_atc.png,3,56,16,atc,200,200,True,154.95999145507812,0.0,400,400
analog_03_56_16_design3.png,3,56,16,design3,200,200,True,148.1199951171875,0.0,400,400
analog_03_56_16_js30.png,3,56,16,js30,200,200,True,149.9199981689453,0.0,400,400
analog_03_56_16_orange.png,3,56,16,orange,200,199,True,158.32000732421875,0.0,400,400
analog_03_56_16_simple.png,3,56,16,simple,200,200,False,,0.0,400,400
analog_03_56_16_sweet.png,3,56,16,sweet,200,200,True,154.48001098632812,0.0,400,400
analog_03_56_16_vue.png,3,56,16,vue,200,200,True,154.95999145507812,0.0,400,400
analog_03_56_16_wall.png,3,56,16,wall,200,200,True,126.76000213623047,0.0,400,400
analog_03_56_16_watch.png,3,56,16,watch,200,199,True,153.52000427246094,0.0,400,400
analog_04_00_00_3d.png,4,0,0,3d,199,200,True,153.8800048828125,0.0,400,400
analog_04_00_00_atc.png,4,0,0,atc,200,200,True,154.95999145507812,0.0,400,400
analog_04_00_00_design3.png,4,0,0,design3,200,200,True,148.1199951171875,0.0,400,400
analog_04_00_00_js30.png,4,0,0,js30,200,200,True,149.9199981689453,0.0,400,400
analog_04_00_00_orange.png,4,0,0,orange,200,199,True,158.32000732421875,0.0,400,400
analog_04_00_00_simple.png,4,0,0,simple,200,200,False,,0.0,400,400
analog_04_00_00_sweet.png,4,0,0,sweet,200,200,True,154.48001098632812,0.0,400,400
analog_04_00_00_vue.png,4,0,0,vue,200,200,True,154.95999145507812,0.0,400,400
analog_04_00_00_wall.png,4,0,0,wall,200,200,True,126.76000213623047,0.0,400,400
analog_04_00_00_watch.png,4,0,0,watch,200,199,True,153.52000427246094,0.0,400,400
analog_04_01_02_3d.png,4,1,2,3d,199,200,True,153.8800048828125,0.0,400,400
analog_04_01_02_atc.png,4,1,2,atc,200,200,True,154.95999145507812,0.0,400,400
analog_04_01_02_design3.png,4,1,2,design3,200,200,True,148.1199951171875,0.0,400,400
analog_04_01_02_js30.png,4,1,2,js30,200,200,True,149.9199981689453,0.0,400,400
analog_04_01_02_orange.png,4,1,2,orange,200,199,True,158.32000732421875,0.0,400,400
analog_04_01_02_simple.png,4,1,2,simple,200,200,False,,0.0,400,400
analog_04_01_02_sweet.png,4,1,2,sweet,200,200,True,154.48001098632812,0.0,400,400
analog_04_01_02_vue.png,4,1,2,vue,200,200,True,154.95999145507812,0.0,400,400
analog_04_01_02_wall.png,4,1,2,wall,200,200,True,126.76000213623047,0.0,400,400
analog_04_01_02_watch.png,4,1,2,watch,200,199,True,153.52000427246094,0.0,400,400
analog_04_12_26_3d.png,4,12,26,3d,199,200,True,153.8800048828125,0.0,400,400
analog_04_12_26_atc.png,4,12,26,atc,200,200,True,154.95999145507812,0.0,400,400
analog_04_12_26_design3.png,4,12,26,design3,200,200,True,148.1199951171875,0.0,400,400
analog_04_12_26_js30.png,4,12,26,js30,200,200,True,149.9199981689453,0.0,400,400
analog_04_12_26_orange.png,4,12,26,orange,200,199,True,158.32000732421875,0.0,400,400
analog_04_12_26_simple.png,4,12,26,simple,200,200,False,,0.0,400,400
analog_04_12_26_sweet.png,4,12,26,sweet,200,200,True,154.48001098632812,0.0,400,400
analog_04_12_26_vue.png,4,12,26,vue,200,200,True,154.95999145507812,0.0,400,400
analog_04_12_26_wall.png,4,12,26,wall,200,200,True,126.76000213623047,0.0,400,400
analog_04_12_26_watch.png,4,12,26,watch,200,199,True,153.52000427246094,0.0,400,400
analog_04_16_07_3d.png,4,16,7,3d,199,200,True,153.8800048828125,0.0,400,400
analog_04_16_07_atc.png,4,16,7,atc,200,200,True,154.95999145507812,0.0,400,400
analog_04_16_07_design3.png,4,16,7,design3,200,200,True,148.1199951171875,0.0,400,400
analog_04_16_07_js30.png,4,16,7,js30,200,200,True,149.9199981689453,0.0,400,400
analog_04_16_07_orange.png,4,16,7,orange,200,199,True,158.32000732421875,0.0,400,400
analog_04_16_07_simple.png,4,16,7,simple,297,76,True,135.27999877929688,0.0,400,400
analog_04_16_07_sweet.png,4,16,7,sweet,200,200,True,154.48001098632812,0.0,400,400
analog_04_16_07_vue.png,4,16,7,vue,200,200,True,154.95999145507812,0.0,400,400
analog_04_16_07_wall.png,4,16,7,wall,200,200,True,126.76000213623047,0.0,400,400
analog_04_16_07_watch.png,4,16,7,watch,200,199,True,153.52000427246094,0.0,400,400
analog_04_17_18_3d.png,4,17,18,3d,199,200,True,153.8800048828125,0.0,400,400
analog_04_17_18_atc.png,4,17,18,atc,200,200,True,154.95999145507812,0.0,400,400
analog_04_17_18_design3.png,4,17,18,design3,200,200,True,148.1199951171875,0.0,400,400
analog_04_17_18_js30.png,4,17,18,js30,200,200,True,149.9199981689453,0.0,400,400
analog_04_17_18_orange.png,4,17,18,orange,200,199,True,158.32000732421875,0.0,400,400
analog_04_17_18_simple.png,4,17,18,simple,321,73,True,174.52000427246094,0.0,400,400
analog_04_17_18_sweet.png,4,17,18,sweet,200,200,True,154.48001098632812,0.0,400,400
analog_04_17_18_vue.png,4,17,18,vue,200,200,True,154.95999145507812,0.0,400,400
analog_04_17_18_wall.png,4,17,18,wall,200,200,True,126.76000213623047,0.0,400,400
analog_04_17_18_watch.png,4,17,18,watch,200,199,True,153.52000427246094,0.0,400,400
analog_04_20_20_3d.png,4,20,20,3d,199,200,True,153.8800048828125,0.0,400,400
analog_04_20_20_atc.png,4,20,20,atc,200,200,True,154.95999145507812,0.0,400,400
analog_04_20_20_design3.png,4,20,20,design3,200,200,True,148.1199951171875,0.0,400,400
analog_04_20_20_js30.png,4,20,20,js30,200,200,True,149.9199981689453,0.0,400,400
analog_04_20_20_orange.png,4,20,20,orange,200,199,True,158.32000732421875,0.0,400,400
analog_04_20_20_simple.png,4,20,20,simple,200,200,False,,0.0,400,400
analog_04_20_20_sweet.png,4,20,20,sweet,200,200,True,154.48001098632812,0.0,400,400
analog_04_20_20_vue.png,4,20,20,vue,200,200,True,154.95999145507812,0.0,400,400
analog_04_20_20_wall.png,4,20,20,wall,200,200,True,126.76000213623047,0.0,400,400
analog_04_20_20_watch.png,4,20,20,watch,200,199,True,153.52000427246094,0.0,400,400
analog_04_23_48_3d.png,4,23,48,3d,199,200,True,153.8800048828125,0.0,400,400
analog_04_23_48_atc.png,4,23,48,atc,200,200,True,154.95999145507812,0.0,400,400
analog_04_23_48_design3.png,4,23,48,design3,200,200,True,148.1199951171875,0.0,400,400
analog_04_23_48_js30.png,4,23,48,js30,200,200,True,149.9199981689453,0.0,400,400
analog_04_23_48_orange.png,4,23,48,orange,200,199,True,158.32000732421875,0.0,400,400
analog_04_23_48_simple.png,4,23,48,simple,133,388,True,200.6800079345703,0.0,400,400
analog_04_23_48_sweet.png,4,23,48,sweet,200,200,True,154.48001098632812,0.0,400,400
analog_04_23_48_vue.png,4,23,48,vue,200,200,True,154.95999145507812,0.0,400,400
analog_04_23_48_wall.png,4,23,48,wall,200,200,True,126.76000213623047,0.0,400,400
analog_04_23_48_watch.png,4,23,48,watch,200,199,True,153.52000427246094,0.0,400,400
analog_04_27_08_3d.png,4,27,8,3d,199,200,True,153.8800048828125,0.0,400,400
analog_04_27_08_atc.png,4,27,8,atc,200,200,True,154.95999145507812,0.0,400,400
analog_04_27_08_design3.png,4,27,8,design3,200,200,True,148.1199951171875,0.0,400,400
analog_04_27_08_js30.png,4,27,8,js30,200,200,True,149.9199981689453,0.0,400,400
analog_04_27_08_orange.png,4,27,8,orange,200,199,True,158.32000732421875,0.0,400,400
analog_04_27_08_simple.png,4,27,8,simple,200,200,False,,0.0,400,400
analog_04_27_08_sweet.png,4,27,8,sweet,200,200,True,154.48001098632812,0.0,400,400
analog_04_27_08_vue.png,4,27,8,vue,200,200,True,154.95999145507812,0.0,400,400
analog_04_27_08_wall.png,4,27,8,wall,200,200,True,126.76000213623047,0.0,400,400
analog_04_27_08_watch.png,4,27,8,watch,200,199,True,153.52000427246094,0.0,400,400
analog_04_27_11_3d.png,4,27,11,3d,199,200,True,153.8800048828125,0.0,400,400
analog_04_27_11_atc.png,4,27,11,atc,200,200,True,154.95999145507812,0.0,400,400
analog_04_27_11_design3.png,4,27,11,design3,200,200,True,148.1199951171875,0.0,400,400
analog_04_27_11_js30.png,4,27,11,js30,200,200,True,149.9199981689453,0.0,400,400
analog_04_27_11_orange.png,4,27,11,orange,200,199,True,158.32000732421875,0.0,400,400
analog_04_27_11_simple.png,4,27,11,simple,200,200,False,,0.0,400,400
analog_04_27_11_sweet.png,4,27,11,sweet,200,200,True,154.48001098632812,0.0,400,400
analog_04_27_11_vue.png,4,27,11,vue,200,200,True,154.95999145507812,0.0,400,400
analog_04_27_11_wall.png,4,27,11,wall,200,200,True,126.76000213623047,0.0,400,400
analog_04_27_11_watch.png,4,27,11,watch,200,199,True,153.52000427246094,0.0,400,400
analog_04_32_31_3d.png,4,32,31,3d,199,200,True,153.8800048828125,0.0,400,400
analog_04_32_31_atc.png,4,32,31,atc,200,200,True,154.95999145507812,0.0,400,400
analog_04_32_31_design3.png,4,32,31,design3,200,200,True,148.1199951171875,0.0,400,400
analog_04_32_31_js30.png,4,32,31,js30,200,200,True,149.9199981689453,0.0,400,400
analog_04_32_31_orange.png,4,32,31,orange,200,199,True,158.32000732421875,0.0,400,400
analog_04_32_31_simple.png,4,32,31,simple,200,200,False,,0.0,400,400
analog_04_32_31_sweet.png,4,32,31,sweet,200,200,True,154.48001098632812,0.0,400,400
analog_04_32_31_vue.png,4,32,31,vue,200,200,True,154.95999145507812,0.0,400,400
analog_04_32_31_wall.png,4,32,31,wall,200,200,True,126.76000213623047,0.0,400,400
analog_04_32_31_watch.png,4,32,31,watch,200,199,True,153.52000427246094,0.0,400,400
analog_04_34_02_3d.png,4,34,2,3d,199,200,True,153.8800048828125,0.0,400,400
analog_04_34_02_atc.png,4,34,2,atc,200,200,True,154.95999145507812,0.0,400,400
analog_04_34_02_design3.png,4,34,2,design3,200,200,True,148.1199951171875,0.0,400,400
analog_04_34_02_js30.png,4,34,2,js30,200,200,True,149.9199981689453,0.0,400,400
analog_04_34_02_orange.png,4,34,2,orange,200,199,True,158.32000732421875,0.0,400,400
analog_04_34_02_simple.png,4,34,2,simple,200,200,False,,0.0,400,400
analog_04_34_02_sweet.png,4,34,2,sweet,200,200,True,154.48001098632812,0.0,400,400
analog_04_34_02_vue.png,4,34,2,vue,200,200,True,154.95999145507812,0.0,400,400
analog_04_34_02_wall.png,4,34,2,wall,200,200,True,126.76000213623047,0.0,400,400
analog_04_34_02_watch.png,4,34,2,watch,200,199,True,153.52000427246094,0.0,400,400
analog_04_40_16_3d.png,4,40,16,3d,199,200,True,153.8800048828125,0.0,400,400
analog_04_40_16_atc.png,4,40,16,atc,200,200,True,154.95999145507812,0.0,400,400
analog_04_40_16_design3.png,4,40,16,design3,200,200,True,148.1199951171875,0.0,400,400
analog_04_40_16_js30.png,4,40,16,js30,200,200,True,149.9199981689453,0.0,400,400
analog_04_40_16_orange.png,4,40,16,orange,200,199,True,158.32000732421875,0.0,400,400
analog_04_40_16_simple.png,4,40,16,simple,297,76,True,159.04000854492188,0.0,400,400
analog_04_40_16_sweet.png,4,40,16,sweet,200,200,True,154.48001098632812,0.0,400,400
analog_04_40_16_vue.png,4,40,16,vue,200,200,True,154.95999145507812,0.0,400,400
analog_04_40_16_wall.png,4,40,16,wall,200,200,True,126.76000213623047,0.0,400,400
analog_04_40_16_watch.png,4,40,16,watch,200,199,True,153.52000427246094,0.0,400,400
analog_04_41_44_3d.png,4,41,44,3d,199,200,True,153.8800048828125,0.0,400,400
analog_04_41_44_atc.png,4,41,44,atc,200,200,True,154.95999145507812,0.0,400,400
analog_04_41_44_design3.png,4,41,44,design3,200,200,True,148.1199951171875,0.0,400,400
analog_04_41_44_js30.png,4,41,44,js30,200,200,True,149.9199981689453,0.0,400,400
analog_04_41_44_orange.png,4,41,44,orange,200,199,True,158.32000732421875,0.0,400,400
analog_04_41_44_simple.png,4,41,44,simple,184,344,True,129.27999877929688,0.0,400,400
analog_04_41_44_sweet.png,4,41,44,sweet,200,200,True,154.48001098632812,0.0,400,400
analog_04_41_44_vue.png,4,41,44,vue,200,200,True,154.95999145507812,0.0,400,400
analog_04_41_44_wall.png,4,41,44,wall,200,200,True,126.76000213623047,0.0,400,400
analog_04_41_44_watch.png,4,41,44,watch,200,199,True,153.52000427246094,0.0,400,400
analog_04_42_30_3d.png,4,42,30,3d,199,200,True,153.8800048828125,0.0,400,400
analog_04_42_30_atc.png,4,42,30,atc,200,200,True,154.95999145507812,0.0,400,400
analog_04_42_30_design3.png,4,42,30,design3,200,200,True,148.1199951171875,0.0,400,400
analog_04_42_30_js30.png,4,42,30,js30,200,200,True,149.9199981689453,0.0,400,400
analog_04_42_30_orange.png,4,42,30,orange,200,199,True,158.32000732421875,0.0,400,400
analog_04_42_30_simple.png,4,42,30,simple,200,200,False,,0.0,400,400
analog_04_42_30_sweet.png,4,42,30,sweet,200,200,True,154.48001098632812,0.0,400,400
analog_04_42_30_vue.png,4,42,30,vue,200,200,True,154.95999145507812,0.0,400,400
analog_04_42_30_wall.png,4,42,30,wall,200,200,True,126.76000213623047,0.0,400,400
analog_04_42_30_watch.png,4,42,30,watch,200,199,True,153.52000427246094,0.0,400,400
analog_04_45_13_3d.png,4,45,13,3d,199,200,True,153.8800048828125,0.0,400,400
analog_04_45_13_atc.png,4,45,13,atc,200,200,True,154.95999145507812,0.0,400,400
analog_04_45_13_design3.png,4,45,13,design3,200,200,True,148.1199951171875,0.0,400,400
analog_04_45_13_js30.png,4,45,13,js30,200,200,True,149.9199981689453,0.0,400,400
analog_04_45_13_orange.png,4,45,13,orange,200,199,True,158.32000732421875,0.0,400,400
analog_04_45_13_simple.png,4,45,13,simple,200,200,False,,0.0,400,400
analog_04_45_13_sweet.png,4,45,13,sweet,200,200,True,154.48001098632812,0.0,400,400
analog_04_45_13_vue.png,4,45,13,vue,200,200,True,154.95999145507812,0.0,400,400
analog_04_45_13_wall.png,4,45,13,wall,200,200,True,126.76000213623047,0.0,400,400
analog_04_45_13_watch.png,4,45,13,watch,200,199,True,153.52000427246094,0.0,400,400
analog_04_47_18_3d.png,4,47,18,3d,199,200,True,153.8800048828125,0.0,400,400
analog_04_47_18_atc.png,4,47,18,atc,200,200,True,154.95999145507812,0.0,400,400
analog_04_47_18_design3.png,4,47,18,design3,200,200,True,148.1199951171875,0.0,400,400
analog_04_47_18_js30.png,4,47,18,js30,200,200,True,149.9199981689453,0.0,400,400
analog_04_47_18_orange.png,4,47,18,orange,200,199,True,158.32000732421875,0.0,400,400
analog_04_47_18_simple.png,4,47,18,simple,200,200,False,,0.0,400,400
analog_04_47_18_sweet.png,4,47,18,sweet,200,200,True,154.48001098632812,0.0,400,400
analog_04_47_18_vue.png,4,47,18,vue,200,200,True,154.95999145507812,0.0,400,400
analog_04_47_18_wall.png,4,47,18,wall,200,200,True,126.76000213623047,0.0,400,400
analog_04_47_18_watch.png,4,47,18,watch,200,199,True,153.52000427246094,0.0,400,400
analog_04_59_59_3d.png,4,59,59,3d,199,200,True,153.8800048828125,0.0,400,400
analog_04_59_59_atc.png,4,59,59,atc,200,200,True,154.95999145507812,0.0,400,400
analog_04_59_59_design3.png,4,59,59,design3,200,200,True,148.1199951171875,0.0,400,400
analog_04_59_59_js30.png,4,59,59,js30,200,200,True,149.9199981689453,0.0,400,400
analog_04_59_59_orange.png,4,59,59,orange,200,199,True,158.32000732421875,0.0,400,400
analog_04_59_59_simple.png,4,59,59,simple,200,200,False,,0.0,400,400
analog_04_59_59_sweet.png,4,59,59,sweet,200,200,True,154.48001098632812,0.0,400,400
analog_04_59_59_vue.png,4,59,59,vue,200,200,True,154.95999145507812,0.0,400,400
analog_04_59_59_wall.png,4,59,59,wall,200,200,True,126.76000213623047,0.0,400,400
analog_04_59_59_watch.png,4,59,59,watch,200,199,True,153.52000427246094,0.0,400,400
analog_05_00_00_3d.png,5,0,0,3d,199,200,True,153.8800048828125,0.0,400,400
analog_05_00_00_atc.png,5,0,0,atc,200,200,True,154.95999145507812,0.0,400,400
analog_05_00_00_design3.png,5,0,0,design3,200,200,True,148.1199951171875,0.0,400,400
analog_05_00_00_js30.png,5,0,0,js30,200,200,True,149.9199981689453,0.0,400,400
analog_05_00_00_orange.png,5,0,0,orange,200,199,True,158.32000732421875,0.0,400,400
analog_05_00_00_simple.png,5,0,0,simple,200,200,False,,0.0,400,400
analog_05_00_00_sweet.png,5,0,0,sweet,200,200,True,154.48001098632812,0.0,400,400
analog_05_00_00_vue.png,5,0,0,vue,200,200,True,154.95999145507812,0.0,400,400
analog_05_00_00_wall.png,5,0,0,wall,200,200,True,126.76000213623047,0.0,400,400
analog_05_00_00_watch.png,5,0,0,watch,200,199,True,153.52000427246094,0.0,400,400
analog_05_04_38_3d.png,5,4,38,3d,199,200,True,153.8800048828125,0.0,400,400
analog_05_04_38_atc.png,5,4,38,atc,200,200,True,154.95999145507812,0.0,400,400
analog_05_04_38_design3.png,5,4,38,design3,200,200,True,148.1199951171875,0.0,400,400
analog_05_04_38_js30.png,5,4,38,js30,200,200,True,149.9199981689453,0.0,400,400
analog_05_04_38_orange.png,5,4,38,orange,200,199,True,158.32000732421875,0.0,400,400
analog_05_04_38_simple.png,5,4,38,simple,71,134,True,136.72000122070312,0.0,400,400
analog_05_04_38_sweet.png,5,4,38,sweet,200,200,True,154.48001098632812,0.0,400,400
analog_05_04_38_vue.png,5,4,38,vue,200,200,True,154.95999145507812,0.0,400,400
analog_05_04_38_wall.png,5,4,38,wall,200,200,True,126.76000213623047,0.0,400,400
analog_05_04_38_watch.png,5,4,38,watch,200,199,True,153.52000427246094,0.0,400,400
analog_05_19_06_3d.png,5,19,6,3d,199,200,True,153.8800048828125,0.0,400,400
analog_05_19_06_atc.png,5,19,6,atc,200,200,True,154.95999145507812,0.0,400,400
analog_05_19_06_design3.png,5,19,6,design3,200,200,True,148.1199951171875,0.0,400,400
analog_05_19_06_js30.png,5,19,6,js30,200,200,True,149.9199981689453,0.0,400,400
analog_05_19_06_orange.png,5,19,6,orange,200,199,True,158.32000732421875,0.0,400,400
analog_05_19_06_simple.png,5,19,6,simple,200,200,False,,0.0,400,400
analog_05_19_06_sweet.png,5,19,6,sweet,200,200,True,154.48001098632812,0.0,400,400
analog_05_19_06_vue.png,5,19,6,vue,200,200,True,154.95999145507812,0.0,400,400
analog_05_19_06_wall.png,5,19,6,wall,200,200,True,126.76000213623047,0.0,400,400
analog_05_19_06_watch.png,5,19,6,watch,200,199,True,153.52000427246094,0.0,400,400
analog_05_23_22_3d.png,5,23,22,3d,199,200,True,153.8800048828125,0.0,400,400
analog_05_23_22_atc.png,5,23,22,atc,200,200,True,154.95999145507812,0.0,400,400
analog_05_23_22_design3.png,5,23,22,design3,200,200,True,148.1199951171875,0.0,400,400
analog_05_23_22_js30.png,5,23,22,js30,200,200,True,149.9199981689453,0.0,400,400
analog_05_23_22_orange.png,5,23,22,orange,200,199,True,158.32000732421875,0.0,400,400
analog_05_23_22_simple.png,5,23,22,simple,382,118,True,192.760009765625,0.0,400,400
analog_05_23_22_sweet.png,5,23,22,sweet,200,200,True,154.48001098632812,0.0,400,400
analog_05_23_22_vue.png,5,23,22,vue,200,200,True,154.95999145507812,0.0,400,400
analog_05_23_22_wall.png,5,23,22,wall,200,200,True,126.76000213623047,0.0,400,400
analog_05_23_22_watch.png,5,23,22,watch,200,199,True,153.52000427246094,0.0,400,400
analog_05_24_00_3d.png,5,24,0,3d,199,200,True,153.8800048828125,0.0,400,400
analog_05_24_00_atc.png,5,24,0,atc,200,200,True,154.95999145507812,0.0,400,400
analog_05_24_00_design3.png,5,24,0,design3,200,200,True,148.1199951171875,0.0,400,400
analog_05_24_00_js30.png,5,24,0,js30,200,200,True,149.9199981689453,0.0,400,400
analog_05_24_00_orange.png,5,24,0,orange,200,199,True,158.32000732421875,0.0,400,400
analog_05_24_00_simple.png,5,24,0,simple,329,163,True,131.32000732421875,0.0,400,400
analog_05_24_00_sweet.png,5,24,0,sweet,200,200,True,154.48001098632812,0.0,400,400
analog_05_24_00_vue.png,5,24,0,vue,200,200,True,154.95999145507812,0.0,400,400
analog_05_24_00_wall.png,5,24,0,wall,200,200,True,126.76000213623047,0.0,400,400
analog_05_24_00_watch.png,5,24,0,watch,200,199,True,153.52000427246094,0.0,400,400
analog_05_25_25_3d.png,5,25,25,3d,199,200,True,153.8800048828125,0.0,400,400
analog_05_25_25_atc.png,5,25,25,atc,200,200,True,154.95999145507812,0.0,400,400
analog_05_25_25_design3.png,5,25,25,design3,200,200,True,148.1199951171875,0.0,400,400
analog_05_25_25_js30.png,5,25,25,js30,200,200,True,149.9199981689453,0.0,400,400
analog_05_25_25_orange.png,5,25,25,orange,200,199,True,158.32000732421875,0.0,400,400
analog_05_25_25_simple.png,5,25,25,simple,200,200,False,,0.0,400,400
analog_05_25_25_sweet.png,5,25,25,sweet,200,200,True,154.48001098632812,0.0,400,400
analog_05_25_25_vue.png,5,25,25,vue,200,200,True,154.95999145507812,0.0,400,400
analog_05_25_25_wall.png,5,25,25,wall,200,200,True,126.76000213623047,0.0,400,400
analog_05_25_25_watch.png,5,25,25,watch,200,199,True,153.52000427246094,0.0,400,400
analog_05_28_53_3d.png,5,28,53,3d,199,200,True,153.8800048828125,0.0,400,400
analog_05_28_53_atc.png,5,28,53,atc,200,200,True,154.95999145507812,0.0,400,400
analog_05_28_53_design3.png,5,28,53,design3,200,200,True,148.1199951171875,0.0,400,400
analog_05_28_53_js30.png,5,28,53,js30,200,200,True,149.9199981689453,0.0,400,400
analog_05_28_53_orange.png,5,28,53,orange,200,199,True,158.32000732421875,0.0,400,400
analog_05_28_53_simple.png,5,28,53,simple,95,272,True,129.27999877929688,0.0,400,400
analog_05_28_53_sweet.png,5,28,53,sweet,200,200,True,154.48001098632812,0.0,400,400
analog_05_28_53_vue.png,5,28,53,vue,200,200,True,154.95999145507812,0.0,400,400
analog_05_28_53_wall.png,5,28,53,wall,200,200,True,126.76000213623047,0.0,400,400
analog_05_28_53_watch.png,5,28,53,watch,200,199,True,153.52000427246094,0.0,400,400
analog_05_32_58_3d.png,5,32,58,3d,199,200,True,153.8800048828125,0.0,400,400
analog_05_32_58_atc.png,5,32,58,atc,200,200,True,154.95999145507812,0.0,400,400
analog_05_32_58_design3.png,5,32,58,design3,200,200,True,148.1199951171875,0.0,400,400
analog_05_32_58_js30.png,5,32,58,js30,200,200,True,149.9199981689453,0.0,400,400
analog_05_32_58_orange.png,5,32,58,orange,200,199,True,158.32000732421875,0.0,400,400
analog_05_32_58_simple.png,5,32,58,simple,200,200,False,,0.0,400,400
analog_05_32_58_sweet.png,5,32,58,sweet,200,200,True,154.48001098632812,0.0,400,400
analog_05_32_58_vue.png,5,32,58,vue,200,200,True,154.95999145507812,0.0,400,400
analog_05_32_58_wall.png,5,32,58,wall,200,200,True,126.76000213623047,0.0,400,400
analog_05_32_58_watch.png,5,32,58,watch,200,199,True,153.52000427246094,0.0,400,400
analog_05_34_49_3d.png,5,34,49,3d,199,200,True,153.8800048828125,0.0,400,400
analog_05_34_49_atc.png,5,34,49,atc,200,200,True,154.95999145507812,0.0,400,400
analog_05_34_49_design3.png,5,34,49,design3,200,200,True,148.1199951171875,0.0,400,400
analog_05_34_49_js30.png,5,34,49,js30,200,200,True,149.9199981689453,0.0,400,400
analog_05_34_49_orange.png,5,34,49,orange,200,199,True,158.32000732421875,0.0,400,400
analog_05_34_49_simple.png,5,34,49,simple,200,200,False,,0.0,400,400
analog_05_34_49_sweet.png,5,34,49,sweet,200,200,True,154.48001098632812,0.0,400,400
analog_05_34_49_vue.png,5,34,49,vue,200,200,True,154.95999145507812,0.0,400,400
analog_05_34_49_wall.png,5,34,49,wall,200,200,True,126.76000213623047,0.0,400,400
analog_05_34_49_watch.png,5,34,49,watch,200,199,True,153.52000427246094,0.0,400,400
analog_05_37_16_3d.png,5,37,16,3d,199,200,True,153.8800048828125,0.0,400,400
analog_05_37_16_atc.png,5,37,16,atc,200,200,True,154.95999145507812,0.0,400,400
analog_05_37_16_design3.png,5,37,16,design3,200,200,True,148.1199951171875,0.0,400,400
analog_05_37_16_js30.png,5,37,16,js30,200,200,True,149.9199981689453,0.0,400,400
analog_05_37_16_orange.png,5,37,16,orange,200,199,True,158.32000732421875,0.0,400,400
analog_05_37_16_simple.png,5,37,16,simple,200,200,False,,0.0,400,400
analog_05_37_16_sweet.png,5,37,16,sweet,200,200,True,154.48001098632812,0.0,400,400
analog_05_37_16_vue.png,5,37,16,vue,200,200,True,154.95999145507812,0.0,400,400
analog_05_37_16_wall.png,5,37,16,wall,200,200,True,126.76000213623047,0.0,400,400
analog_05_37_16_watch.png,5,37,16,watch,200,199,True,153.52000427246094,0.0,400,400
analog_05_38_38_3d.png,5,38,38,3d,199,200,True,153.8800048828125,0.0,400,400
analog_05_38_38_atc.png,5,38,38,atc,200,200,True,154.95999145507812,0.0,400,400
analog_05_38_38_design3.png,5,38,38,design3,200,200,True,148.1199951171875,0.0,400,400
analog_05_38_38_js30.png,5,38,38,js30,200,200,True,149.9199981689453,0.0,400,400
analog_05_38_38_orange.png,5,38,38,orange,200,199,True,158.32000732421875,0.0,400,400
analog_05_38_38_simple.png,5,38,38,simple,200,200,False,,0.0,400,400
analog_05_38_38_sweet.png,5,38,38,sweet,200,200,True,154.48001098632812,0.0,400,400
analog_05_38_38_vue.png,5,38,38,vue,200,200,True,154.95999145507812,0.0,400,400
analog_05_38_38_wall.png,5,38,38,wall,200,200,True,126.76000213623047,0.0,400,400
analog_05_38_38_watch.png,5,38,38,watch,200,199,True,153.52000427246094,0.0,400,400
analog_05_44_27_3d.png,5,44,27,3d,199,200,True,153.8800048828125,0.0,400,400
analog_05_44_27_atc.png,5,44,27,atc,200,200,True,154.95999145507812,0.0,400,400
analog_05_44_27_design3.png,5,44,27,design3,200,200,True,148.1199951171875,0.0,400,400
analog_05_44_27_js30.png,5,44,27,js30,200,200,True,149.9199981689453,0.0,400,400
analog_05_44_27_orange.png,5,44,27,orange,200,199,True,158.32000732421875,0.0,400,400
analog_05_44_27_simple.png,5,44,27,simple,200,200,False,,0.0,400,400
analog_05_44_27_sweet.png,5,44,27,sweet,200,200,True,154.48001098632812,0.0,400,400
analog_05_44_27_vue.png,5,44,27,vue,200,200,True,154.95999145507812,0.0,400,400
analog_05_44_27_wall.png,5,44,27,wall,200,200,True,126.76000213623047,0.0,400,400
analog_05_44_27_watch.png,5,44,27,watch,200,199,True,153.52000427246094,0.0,400,400
analog_05_47_28_3d.png,5,47,28,3d,199,200,True,153.8800048828125,0.0,400,400
analog_05_47_28_atc.png,5,47,28,atc,200,200,True,154.95999145507812,0.0,400,400
analog_05_47_28_design3.png,5,47,28,design3,200,200,True,148.1199951171875,0.0,400,400
analog_05_47_28_js30.png,5,47,28,js30,200,200,True,149.9199981689453,0.0,400,400
analog_05_47_28_orange.png,5,47,28,orange,200,199,True,158.32000732421875,0.0,400,400
analog_05_47_28_simple.png,5,47,28,simple,200,200,False,,0.0,400,400
analog_05_47_28_sweet.png,5,47,28,sweet,200,200,True,154.48001098632812,0.0,400,400
analog_05_47_28_vue.png,5,47,28,vue,200,200,True,154.95999145507812,0.0,400,400
analog_05_47_28_wall.png,5,47,28,wall,200,200,True,126.76000213623047,0.0,400,400
analog_05_47_28_watch.png,5,47,28,watch,200,199,True,153.52000427246094,0.0,400,400
analog_05_47_55_3d.png,5,47,55,3d,199,200,True,153.8800048828125,0.0,400,400
analog_05_47_55_atc.png,5,47,55,atc,200,200,True,154.95999145507812,0.0,400,400
analog_05_47_55_design3.png,5,47,55,design3,200,200,True,148.1199951171875,0.0,400,400
analog_05_47_55_js30.png,5,47,55,js30,200,200,True,149.9199981689453,0.0,400,400
analog_05_47_55_orange.png,5,47,55,orange,200,199,True,158.32000732421875,0.0,400,400
analog_05_47_55_simple.png,5,47,55,simple,200,200,False,,0.0,400,400
analog_05_47_55_sweet.png,5,47,55,sweet,200,200,True,154.48001098632812,0.0,400,400
analog_05_47_55_vue.png,5,47,55,vue,200,200,True,154.95999145507812,0.0,400,400
analog_05_47_55_wall.png,5,47,55,wall,200,200,True,126.76000213623047,0.0,400,400
analog_05_47_55_watch.png,5,47,55,watch,200,199,True,153.52000427246094,0.0,400,400
analog_05_50_43_3d.png,5,50,43,3d,199,200,True,153.8800048828125,0.0,400,400
analog_05_50_43_atc.png,5,50,43,atc,200,200,True,154.95999145507812,0.0,400,400
analog_05_50_43_design3.png,5,50,43,design3,200,200,True,148.1199951171875,0.0,400,400
analog_05_50_43_js30.png,5,50,43,js30,200,200,True,149.9199981689453,0.0,400,400
analog_05_50_43_orange.png,5,50,43,orange,200,199,True,158.32000732421875,0.0,400,400
analog_05_50_43_simple.png,5,50,43,simple,200,200,False,,0.0,400,400
analog_05_50_43_sweet.png,5,50,43,sweet,200,200,True,154.48001098632812,0.0,400,400
analog_05_50_43_vue.png,5,50,43,vue,200,200,True,154.95999145507812,0.0,400,400
analog_05_50_43_wall.png,5,50,43,wall,200,200,True,126.76000213623047,0.0,400,400
analog_05_50_43_watch.png,5,50,43,watch,200,199,True,153.52000427246094,0.0,400,400
analog_05_51_07_3d.png,5,51,7,3d,199,200,True,153.8800048828125,0.0,400,400
analog_05_51_07_atc.png,5,51,7,atc,200,200,True,154.95999145507812,0.0,400,400
analog_05_51_07_design3.png,5,51,7,design3,200,200,True,148.1199951171875,0.0,400,400
analog_05_51_07_js30.png,5,51,7,js30,200,200,True,149.9199981689453,0.0,400,400
analog_05_51_07_orange.png,5,51,7,orange,200,199,True,158.32000732421875,0.0,400,400
analog_05_51_07_simple.png,5,51,7,simple,200,200,False,,0.0,400,400
analog_05_51_07_sweet.png,5,51,7,sweet,200,200,True,154.48001098632812,0.0,400,400
analog_05_51_07_vue.png,5,51,7,vue,200,200,True,154.95999145507812,0.0,400,400
analog_05_51_07_wall.png,5,51,7,wall,200,200,True,126.76000213623047,0.0,400,400
analog_05_51_07_watch.png,5,51,7,watch,200,199,True,153.52000427246094,0.0,400,400
analog_05_56_26_3d.png,5,56,26,3d,199,200,True,153.8800048828125,0.0,400,400
analog_05_56_26_atc.png,5,56,26,atc,200,200,True,154.95999145507812,0.0,400,400
analog_05_56_26_design3.png,5,56,26,design3,200,200,True,148.1199951171875,0.0,400,400
analog_05_56_26_js30.png,5,56,26,js30,200,200,True,149.9199981689453,0.0,400,400
analog_05_56_26_orange.png,5,56,26,orange,200,199,True,158.32000732421875,0.0,400,400
analog_05_56_26_simple.png,5,56,26,simple,200,200,False,,0.0,400,400
analog_05_56_26_sweet.png,5,56,26,sweet,200,200,True,154.48001098632812,0.0,400,400
analog_05_56_26_vue.png,5,56,26,vue,200,200,True,154.95999145507812,0.0,400,400
analog_05_56_26_wall.png,5,56,26,wall,200,200,True,126.76000213623047,0.0,400,400
analog_05_56_26_watch.png,5,56,26,watch,200,199,True,153.52000427246094,0.0,400,400
analog_06_00_00_3d.png,6,0,0,3d,199,200,True,153.8800048828125,0.0,400,400
analog_06_00_00_atc.png,6,0,0,atc,200,200,True,154.95999145507812,0.0,400,400
analog_06_00_00_design3.png,6,0,0,design3,200,200,True,148.1199951171875,0.0,400,400
analog_06_00_00_js30.png,6,0,0,js30,200,200,True,149.9199981689453,0.0,400,400
analog_06_00_00_orange.png,6,0,0,orange,200,199,True,158.32000732421875,0.0,400,400
analog_06_00_00_simple.png,6,0,0,simple,200,200,False,,0.0,400,400
analog_06_00_00_sweet.png,6,0,0,sweet,200,200,True,154.48001098632812,0.0,400,400
analog_06_00_00_vue.png,6,0,0,vue,200,200,True,154.95999145507812,0.0,400,400
analog_06_00_00_wall.png,6,0,0,wall,200,200,True,126.76000213623047,0.0,400,400
analog_06_00_00_watch.png,6,0,0,watch,200,199,True,153.52000427246094,0.0,400,400
analog_06_04_37_3d.png,6,4,37,3d,199,200,True,153.8800048828125,0.0,400,400
analog_06_04_37_atc.png,6,4,37,atc,200,200,True,154.95999145507812,0.0,400,400
analog_06_04_37_design3.png,6,4,37,design3,200,200,True,148.1199951171875,0.0,400,400
analog_06_04_37_js30.png,6,4,37,js30,200,200,True,149.9199981689453,0.0,400,400
analog_06_04_37_orange.png,6,4,37,orange,200,199,True,158.32000732421875,0.0,400,400
analog_06_04_37_simple.png,6,4,37,simple,200,200,False,,0.0,400,400
analog_06_04_37_sweet.png,6,4,37,sweet,200,200,True,154.48001098632812,0.0,400,400
analog_06_04_37_vue.png,6,4,37,vue,200,200,True,154.95999145507812,0.0,400,400
analog_06_04_37_wall.png,6,4,37,wall,200,200,True,126.76000213623047,0.0,400,400
analog_06_04_37_watch.png,6,4,37,watch,200,199,True,153.52000427246094,0.0,400,400
analog_06_22_51_3d.png,6,22,51,3d,199,200,True,153.8800048828125,0.0,400,400
analog_06_22_51_atc.png,6,22,51,atc,200,200,True,154.95999145507812,0.0,400,400
analog_06_22_51_design3.png,6,22,51,design3,200,200,True,148.1199951171875,0.0,400,400
analog_06_22_51_js30.png,6,22,51,js30,200,200,True,149.9199981689453,0.0,400,400
analog_06_22_51_orange.png,6,22,51,orange,200,199,True,158.32000732421875,0.0,400,400
analog_06_22_51_simple.png,6,22,51,simple,200,200,False,,0.0,400,400
analog_06_22_51_sweet.png,6,22,51,sweet,200,200,True,154.48001098632812,0.0,400,400
analog_06_22_51_vue.png,6,22,51,vue,200,200,True,154.95999145507812,0.0,400,400
analog_06_22_51_wall.png,6,22,51,wall,200,200,True,126.76000213623047,0.0,400,400
analog_06_22_51_watch.png,6,22,51,watch,200,199,True,153.52000427246094,0.0,400,400
analog_06_23_27_3d.png,6,23,27,3d,199,200,True,153.8800048828125,0.0,400,400
analog_06_23_27_atc.png,6,23,27,atc,200,200,True,154.95999145507812,0.0,400,400
analog_06_23_27_design3.png,6,23,27,design3,200,200,True,148.1199951171875,0.0,400,400
analog_06_23_27_js30.png,6,23,27,js30,200,200,True,149.9199981689453,0.0,400,400
analog_06_23_27_orange.png,6,23,27,orange,200,199,True,158.32000732421875,0.0,400,400
analog_06_23_27_simple.png,6,23,27,simple,200,200,False,,0.0,400,400
analog_06_23_27_sweet.png,6,23,27,sweet,200,200,True,154.48001098632812,0.0,400,400
analog_06_23_27_vue.png,6,23,27,vue,200,200,True,154.95999145507812,0.0,400,400
analog_06_23_27_wall.png,6,23,27,wall,200,200,True,126.76000213623047,0.0,400,400
analog_06_23_27_watch.png,6,23,27,watch,200,199,True,153.52000427246094,0.0,400,400
analog_06_27_50_3d.png,6,27,50,3d,199,200,True,153.8800048828125,0.0,400,400
analog_06_27_50_atc.png,6,27,50,atc,200,200,True,154.95999145507812,0.0,400,400
analog_06_27_50_design3.png,6,27,50,design3,200,200,True,148.1199951171875,0.0,400,400
analog_06_27_50_js30.png,6,27,50,js30,200,200,True,149.9199981689453,0.0,400,400
analog_06_27_50_orange.png,6,27,50,orange,200,199,True,158.32000732421875,0.0,400,400
analog_06_27_50_simple.png,6,27,50,simple,200,200,False,,0.0,400,400
analog_06_27_50_sweet.png,6,27,50,sweet,200,200,True,154.48001098632812,0.0,400,400
analog_06_27_50_vue.png,6,27,50,vue,200,200,True,154.95999145507812,0.0,400,400
analog_06_27_50_wall.png,6,27,50,wall,200,200,True,126.76000213623047,0.0,400,400
analog_06_27_50_watch.png,6,27,50,watch,200,199,True,153.52000427246094,0.0,400,400
analog_06_29_20_3d.png,6,29,20,3d,199,200,True,153.8800048828125,0.0,400,400
analog_06_29_20_atc.png,6,29,20,atc,200,200,True,154.95999145507812,0.0,400,400
analog_06_29_20_design3.png,6,29,20,design3,200,200,True,148.1199951171875,0.0,400,400
analog_06_29_20_js30.png,6,29,20,js30,200,200,True,149.9199981689453,0.0,400,400
analog_06_29_20_orange.png,6,29,20,orange,200,199,True,158.32000732421875,0.0,400,400
analog_06_29_20_simple.png,6,29,20,simple,200,200,False,,0.0,400,400
analog_06_29_20_sweet.png,6,29,20,sweet,200,200,True,154.48001098632812,0.0,400,400
analog_06_29_20_vue.png,6,29,20,vue,200,200,True,154.95999145507812,0.0,400,400
analog_06_29_20_wall.png,6,29,20,wall,200,200,True,126.76000213623047,0.0,400,400
analog_06_29_20_watch.png,6,29,20,watch,200,199,True,153.52000427246094,0.0,400,400
analog_06_29_44_3d.png,6,29,44,3d,199,200,True,153.8800048828125,0.0,400,400
analog_06_29_44_atc.png,6,29,44,atc,200,200,True,154.95999145507812,0.0,400,400
analog_06_29_44_design3.png,6,29,44,design3,200,200,True,148.1199951171875,0.0,400,400
analog_06_29_44_js30.png,6,29,44,js30,200,200,True,149.9199981689453,0.0,400,400
analog_06_29_44_orange.png,6,29,44,orange,200,199,True,158.32000732421875,0.0,400,400
analog_06_29_44_simple.png,6,29,44,simple,200,200,False,,0.0,400,400
analog_06_29_44_sweet.png,6,29,44,sweet,200,200,True,154.48001098632812,0.0,400,400
analog_06_29_44_vue.png,6,29,44,vue,200,200,True,154.95999145507812,0.0,400,400
analog_06_29_44_wall.png,6,29,44,wall,200,200,True,126.76000213623047,0.0,400,400
analog_06_29_44_watch.png,6,29,44,watch,200,199,True,153.52000427246094,0.0,400,400
analog_06_30_30_3d.png,6,30,30,3d,199,200,True,153.8800048828125,0.0,400,400
analog_06_30_30_atc.png,6,30,30,atc,200,200,True,154.95999145507812,0.0,400,400
analog_06_30_30_design3.png,6,30,30,design3,200,200,True,148.1199951171875,0.0,400,400
analog_06_30_30_js30.png,6,30,30,js30,200,200,True,149.9199981689453,0.0,400,400
analog_06_30_30_orange.png,6,30,30,orange,200,199,True,158.32000732421875,0.0,400,400
analog_06_30_30_simple.png,6,30,30,simple,200,200,False,,0.0,400,400
analog_06_30_30_sweet.png,6,30,30,sweet,200,200,True,154.48001098632812,0.0,400,400
analog_06_30_30_vue.png,6,30,30,vue,200,200,True,154.95999145507812,0.0,400,400
analog_06_30_30_wall.png,6,30,30,wall,200,200,True,126.76000213623047,0.0,400,400
analog_06_30_30_watch.png,6,30,30,watch,200,199,True,153.52000427246094,0.0,400,400
analog_06_34_08_3d.png,6,34,8,3d,199,200,True,153.8800048828125,0.0,400,400
analog_06_34_08_atc.png,6,34,8,atc,200,200,True,154.95999145507812,0.0,400,400
analog_06_34_08_design3.png,6,34,8,design3,200,200,True,148.1199951171875,0.0,400,400
analog_06_34_08_js30.png,6,34,8,js30,200,200,True,149.9199981689453,0.0,400,400
analog_06_34_08_orange.png,6,34,8,orange,200,199,True,158.32000732421875,0.0,400,400
analog_06_34_08_simple.png,6,34,8,simple,327,265,True,136.24000549316406,0.0,400,400
analog_06_34_08_sweet.png,6,34,8,sweet,200,200,True,154.48001098632812,0.0,400,400
analog_06_34_08_vue.png,6,34,8,vue,200,200,True,154.95999145507812,0.0,400,400
analog_06_34_08_wall.png,6,34,8,wall,200,200,True,126.76000213623047,0.0,400,400
analog_06_34_08_watch.png,6,34,8,watch,200,199,True,153.52000427246094,0.0,400,400
analog_06_34_28_3d.png,6,34,28,3d,199,200,True,153.8800048828125,0.0,400,400
analog_06_34_28_atc.png,6,34,28,atc,200,200,True,154.95999145507812,0.0,400,400
analog_06_34_28_design3.png,6,34,28,design3,200,200,True,148.1199951171875,0.0,400,400
analog_06_34_28_js30.png,6,34,28,js30,200,200,True,149.9199981689453,0.0,400,400
analog_06_34_28_orange.png,6,34,28,orange,200,199,True,158.32000732421875,0.0,400,400
analog_06_34_28_simple.png,6,34,28,simple,200,200,False,,0.0,400,400
analog_06_34_28_sweet.png,6,34,28,sweet,200,200,True,154.48001098632812,0.0,400,400
analog_06_34_28_vue.png,6,34,28,vue,200,200,True,154.95999145507812,0.0,400,400
analog_06_34_28_wall.png,6,34,28,wall,200,200,True,126.76000213623047,0.0,400,400
analog_06_34_28_watch.png,6,34,28,watch,200,199,True,153.52000427246094,0.0,400,400
analog_06_42_17_3d.png,6,42,17,3d,199,200,True,153.8800048828125,0.0,400,400
analog_06_42_17_atc.png,6,42,17,atc,200,200,True,154.95999145507812,0.0,400,400
analog_06_42_17_design3.png,6,42,17,design3,200,200,True,148.1199951171875,0.0,400,400
analog_06_42_17_js30.png,6,42,17,js30,200,200,True,149.9199981689453,0.0,400,400
analog_06_42_17_orange.png,6,42,17,orange,200,199,True,158.32000732421875,0.0,400,400
analog_06_42_17_simple.png,6,42,17,simple,200,200,False,,0.0,400,400
analog_06_42_17_sweet.png,6,42,17,sweet,200,200,True,154.48001098632812,0.0,400,400
analog_06_42_17_vue.png,6,42,17,vue,200,200,True,154.95999145507812,0.0,400,400
analog_06_42_17_wall.png,6,42,17,wall,200,200,True,126.76000213623047,0.0,400,400
analog_06_42_17_watch.png,6,42,17,watch,200,199,True,153.52000427246094,0.0,400,400
analog_06_42_45_3d.png,6,42,45,3d,199,200,True,153.8800048828125,0.0,400,400
analog_06_42_45_atc.png,6,42,45,atc,200,200,True,154.95999145507812,0.0,400,400
analog_06_42_45_design3.png,6,42,45,design3,200,200,True,148.1199951171875,0.0,400,400
analog_06_42_45_js30.png,6,42,45,js30,200,200,True,149.9199981689453,0.0,400,400
analog_06_42_45_orange.png,6,42,45,orange,200,199,True,158.32000732421875,0.0,400,400
analog_06_42_45_simple.png,6,42,45,simple,200,200,False,,0.0,400,400
analog_06_42_45_sweet.png,6,42,45,sweet,200,200,True,154.48001098632812,0.0,400,400
analog_06_42_45_vue.png,6,42,45,vue,200,200,True,154.95999145507812,0.0,400,400
analog_06_42_45_wall.png,6,42,45,wall,200,200,True,126.76000213623047,0.0,400,400
analog_06_42_45_watch.png,6,42,45,watch,200,199,True,153.52000427246094,0.0,400,400
analog_06_43_15_3d.png,6,43,15,3d,199,200,True,153.8800048828125,0.0,400,400
analog_06_43_15_atc.png,6,43,15,atc,200,200,True,154.95999145507812,0.0,400,400
analog_06_43_15_design3.png,6,43,15,design3,200,200,True,148.1199951171875,0.0,400,400
analog_06_43_15_js30.png,6,43,15,js30,200,200,True,149.9199981689453,0.0,400,400
analog_06_43_15_orange.png,6,43,15,orange,200,199,True,158.32000732421875,0.0,400,400
analog_06_43_15_simple.png,6,43,15,simple,200,200,False,,0.0,400,400
analog_06_43_15_sweet.png,6,43,15,sweet,200,200,True,154.48001098632812,0.0,400,400
analog_06_43_15_vue.png,6,43,15,vue,200,200,True,154.95999145507812,0.0,400,400
analog_06_43_15_wall.png,6,43,15,wall,200,200,True,126.76000213623047,0.0,400,400
analog_06_43_15_watch.png,6,43,15,watch,200,199,True,153.52000427246094,0.0,400,400
analog_06_48_21_3d.png,6,48,21,3d,199,200,True,153.8800048828125,0.0,400,400
analog_06_48_21_atc.png,6,48,21,atc,200,200,True,154.95999145507812,0.0,400,400
analog_06_48_21_design3.png,6,48,21,design3,200,200,True,148.1199951171875,0.0,400,400
analog_06_48_21_js30.png,6,48,21,js30,200,200,True,149.9199981689453,0.0,400,400
analog_06_48_21_orange.png,6,48,21,orange,200,199,True,158.32000732421875,0.0,400,400
analog_06_48_21_simple.png,6,48,21,simple,200,200,False,,0.0,400,400
analog_06_48_21_sweet.png,6,48,21,sweet,200,200,True,154.48001098632812,0.0,400,400
analog_06_48_21_vue.png,6,48,21,vue,200,200,True,154.95999145507812,0.0,400,400
analog_06_48_21_wall.png,6,48,21,wall,200,200,True,126.76000213623047,0.0,400,400
analog_06_48_21_watch.png,6,48,21,watch,200,199,True,153.52000427246094,0.0,400,400
analog_06_58_36_3d.png,6,58,36,3d,199,200,True,153.8800048828125,0.0,400,400
analog_06_58_36_atc.png,6,58,36,atc,200,200,True,154.95999145507812,0.0,400,400
analog_06_58_36_design3.png,6,58,36,design3,200,200,True,148.1199951171875,0.0,400,400
analog_06_58_36_js30.png,6,58,36,js30,200,200,True,149.9199981689453,0.0,400,400
analog_06_58_36_orange.png,6,58,36,orange,200,199,True,158.32000732421875,0.0,400,400
analog_06_58_36_simple.png,6,58,36,simple,200,200,False,,0.0,400,400
analog_06_58_36_sweet.png,6,58,36,sweet,200,200,True,154.48001098632812,0.0,400,400
analog_06_58_36_vue.png,6,58,36,vue,200,200,True,154.95999145507812,0.0,400,400
analog_06_58_36_wall.png,6,58,36,wall,200,200,True,126.76000213623047,0.0,400,400
analog_06_58_36_watch.png,6,58,36,watch,200,199,True,153.52000427246094,0.0,400,400
analog_07_00_00_3d.png,7,0,0,3d,199,200,True,153.8800048828125,0.0,400,400
analog_07_00_00_atc.png,7,0,0,atc,200,200,True,154.95999145507812,0.0,400,400
analog_07_00_00_design3.png,7,0,0,design3,200,200,True,148.1199951171875,0.0,400,400
analog_07_00_00_js30.png,7,0,0,js30,200,200,True,149.9199981689453,0.0,400,400
analog_07_00_00_orange.png,7,0,0,orange,200,199,True,158.32000732421875,0.0,400,400
analog_07_00_00_simple.png,7,0,0,simple,200,200,False,,0.0,400,400
analog_07_00_00_sweet.png,7,0,0,sweet,200,200,True,154.48001098632812,0.0,400,400
analog_07_00_00_vue.png,7,0,0,vue,200,200,True,154.95999145507812,0.0,400,400
analog_07_00_00_wall.png,7,0,0,wall,200,200,True,126.76000213623047,0.0,400,400
analog_07_00_00_watch.png,7,0,0,watch,200,199,True,153.52000427246094,0.0,400,400
analog_07_00_04_3d.png,7,0,4,3d,199,200,True,153.8800048828125,0.0,400,400
analog_07_00_04_atc.png,7,0,4,atc,200,200,True,154.95999145507812,0.0,400,400
analog_07_00_04_design3.png,7,0,4,design3,200,200,True,148.1199951171875,0.0,400,400
analog_07_00_04_js30.png,7,0,4,js30,200,200,True,149.9199981689453,0.0,400,400
analog_07_00_04_orange.png,7,0,4,orange,200,199,True,158.32000732421875,0.0,400,400
analog_07_00_04_simple.png,7,0,4,simple,200,200,False,,0.0,400,400
analog_07_00_04_sweet.png,7,0,4,sweet,200,200,True,154.48001098632812,0.0,400,400
analog_07_00_04_vue.png,7,0,4,vue,200,200,True,154.95999145507812,0.0,400,400
analog_07_00_04_wall.png,7,0,4,wall,200,200,True,126.76000213623047,0.0,400,400
analog_07_00_04_watch.png,7,0,4,watch,200,199,True,153.52000427246094,0.0,400,400
analog_07_04_57_3d.png,7,4,57,3d,199,200,True,153.8800048828125,0.0,400,400
analog_07_04_57_atc.png,7,4,57,atc,200,200,True,154.95999145507812,0.0,400,400
analog_07_04_57_design3.png,7,4,57,design3,200,200,True,148.1199951171875,0.0,400,400
analog_07_04_57_js30.png,7,4,57,js30,200,200,True,149.9199981689453,0.0,400,400
analog_07_04_57_orange.png,7,4,57,orange,200,199,True,158.32000732421875,0.0,400,400
analog_07_04_57_simple.png,7,4,57,simple,200,200,False,,0.0,400,400
analog_07_04_57_sweet.png,7,4,57,sweet,200,200,True,154.48001098632812,0.0,400,400
analog_07_04_57_vue.png,7,4,57,vue,200,200,True,154.95999145507812,0.0,400,400
analog_07_04_57_wall.png,7,4,57,wall,200,200,True,126.76000213623047,0.0,400,400
analog_07_04_57_watch.png,7,4,57,watch,200,199,True,153.52000427246094,0.0,400,400
analog_07_06_44_3d.png,7,6,44,3d,199,200,True,153.8800048828125,0.0,400,400
analog_07_06_44_atc.png,7,6,44,atc,200,200,True,154.95999145507812,0.0,400,400
analog_07_06_44_design3.png,7,6,44,design3,200,200,True,148.1199951171875,0.0,400,400
analog_07_06_44_js30.png,7,6,44,js30,200,200,True,149.9199981689453,0.0,400,400
analog_07_06_44_orange.png,7,6,44,orange,200,199,True,158.32000732421875,0.0,400,400
analog_07_06_44_simple.png,7,6,44,simple,200,200,False,,0.0,400,400
analog_07_06_44_sweet.png,7,6,44,sweet,200,200,True,154.48001098632812,0.0,400,400
analog_07_06_44_vue.png,7,6,44,vue,200,200,True,154.95999145507812,0.0,400,400
analog_07_06_44_wall.png,7,6,44,wall,200,200,True,126.76000213623047,0.0,400,400
analog_07_06_44_watch.png,7,6,44,watch,200,199,True,153.52000427246094,0.0,400,400
analog_07_08_30_3d.png,7,8,30,3d,199,200,True,153.8800048828125,0.0,400,400
analog_07_08_30_atc.png,7,8,30,atc,200,200,True,154.95999145507812,0.0,400,400
analog_07_08_30_design3.png,7,8,30,design3,200,200,True,148.1199951171875,0.0,400,400
analog_07_08_30_js30.png,7,8,30,js30,200,200,True,149.9199981689453,0.0,400,400
analog_07_08_30_orange.png,7,8,30,orange,200,199,True,158.32000732421875,0.0,400,400
analog_07_08_30_simple.png,7,8,30,simple,313,289,True,140.1999969482422,0.0,400,400
analog_07_08_30_sweet.png,7,8,30,sweet,200,200,True,154.48001098632812,0.0,400,400
analog_07_08_30_vue.png,7,8,30,vue,200,200,True,154.95999145507812,0.0,400,400
analog_07_08_30_wall.png,7,8,30,wall,200,200,True,126.76000213623047,0.0,400,400
analog_07_08_30_watch.png,7,8,30,watch,200,199,True,153.52000427246094,0.0,400,400
analog_07_08_47_3d.png,7,8,47,3d,199,200,True,153.8800048828125,0.0,400,400
analog_07_08_47_atc.png,7,8,47,atc,200,200,True,154.95999145507812,0.0,400,400
analog_07_08_47_design3.png,7,8,47,design3,200,200,True,148.1199951171875,0.0,400,400
analog_07_08_47_js30.png,7,8,47,js30,200,200,True,149.9199981689453,0.0,400,400
analog_07_08_47_orange.png,7,8,47,orange,200,199,True,158.32000732421875,0.0,400,400
analog_07_08_47_simple.png,7,8,47,simple,200,200,False,,0.0,400,400
analog_07_08_47_sweet.png,7,8,47,sweet,200,200,True,154.48001098632812,0.0,400,400
analog_07_08_47_vue.png,7,8,47,vue,200,200,True,154.95999145507812,0.0,400,400
analog_07_08_47_wall.png,7,8,47,wall,200,200,True,126.76000213623047,0.0,400,400
analog_07_08_47_watch.png,7,8,47,watch,200,199,True,153.52000427246094,0.0,400,400
analog_07_09_56_3d.png,7,9,56,3d,199,200,True,153.8800048828125,0.0,400,400
analog_07_09_56_atc.png,7,9,56,atc,200,200,True,154.95999145507812,0.0,400,400
analog_07_09_56_design3.png,7,9,56,design3,200,200,True,148.1199951171875,0.0,400,400
analog_07_09_56_js30.png,7,9,56,js30,200,200,True,149.9199981689453,0.0,400,400
analog_07_09_56_orange.png,7,9,56,orange,200,199,True,158.32000732421875,0.0,400,400
analog_07_09_56_simple.png,7,9,56,simple,200,200,False,,0.0,400,400
analog_07_09_56_sweet.png,7,9,56,sweet,200,200,True,154.48001098632812,0.0,400,400
analog_07_09_56_vue.png,7,9,56,vue,200,200,True,154.95999145507812,0.0,400,400
analog_07_09_56_wall.png,7,9,56,wall,200,200,True,126.76000213623047,0.0,400,400
analog_07_09_56_watch.png,7,9,56,watch,200,199,True,153.52000427246094,0.0,400,400
analog_07_10_26_3d.png,7,10,26,3d,199,200,True,153.8800048828125,0.0,400,400
analog_07_10_26_atc.png,7,10,26,atc,200,200,True,154.95999145507812,0.0,400,400
analog_07_10_26_design3.png,7,10,26,design3,200,200,True,148.1199951171875,0.0,400,400
analog_07_10_26_js30.png,7,10,26,js30,200,200,True,149.9199981689453,0.0,400,400
analog_07_10_26_orange.png,7,10,26,orange,200,199,True,158.32000732421875,0.0,400,400
analog_07_10_26_simple.png,7,10,26,simple,369,309,True,182.55999755859375,0.0,400,400
analog_07_10_26_sweet.png,7,10,26,sweet,200,200,True,154.48001098632812,0.0,400,400
analog_07_10_26_vue.png,7,10,26,vue,200,200,True,154.95999145507812,0.0,400,400
analog_07_10_26_wall.png,7,10,26,wall,200,200,True,126.76000213623047,0.0,400,400
analog_07_10_26_watch.png,7,10,26,watch,200,199,True,153.52000427246094,0.0,400,400
analog_07_11_51_3d.png,7,11,51,3d,199,200,True,153.8800048828125,0.0,400,400
analog_07_11_51_atc.png,7,11,51,atc,200,200,True,154.95999145507812,0.0,400,400
analog_07_11_51_design3.png,7,11,51,design3,200,200,True,148.1199951171875,0.0,400,400
analog_07_11_51_js30.png,7,11,51,js30,200,200,True,149.9199981689453,0.0,400,400
analog_07_11_51_orange.png,7,11,51,orange,200,199,True,158.32000732421875,0.0,400,400
analog_07_11_51_simple.png,7,11,51,simple,200,200,False,,0.0,400,400
analog_07_11_51_sweet.png,7,11,51,sweet,200,200,True,154.48001098632812,0.0,400,400
analog_07_11_51_vue.png,7,11,51,vue,200,200,True,154.95999145507812,0.0,400,400
analog_07_11_51_wall.png,7,11,51,wall,200,200,True,126.76000213623047,0.0,400,400
analog_07_11_51_watch.png,7,11,51,watch,200,199,True,153.52000427246094,0.0,400,400
analog_07_12_52_3d.png,7,12,52,3d,199,200,True,153.8800048828125,0.0,400,400
analog_07_12_52_atc.png,7,12,52,atc,200,200,True,154.95999145507812,0.0,400,400
analog_07_12_52_design3.png,7,12,52,design3,200,200,True,148.1199951171875,0.0,400,400
analog_07_12_52_js30.png,7,12,52,js30,200,200,True,149.9199981689453,0.0,400,400
analog_07_12_52_orange.png,7,12,52,orange,200,199,True,158.32000732421875,0.0,400,400
analog_07_12_52_simple.png,7,12,52,simple,200,200,False,,0.0,400,400
analog_07_12_52_sweet.png,7,12,52,sweet,200,200,True,154.48001098632812,0.0,400,400
analog_07_12_52_vue.png,7,12,52,vue,200,200,True,154.95999145507812,0.0,400,400
analog_07_12_52_wall.png,7,12,52,wall,200,200,True,126.76000213623047,0.0,400,400
analog_07_12_52_watch.png,7,12,52,watch,200,199,True,153.52000427246094,0.0,400,400
analog_07_12_53_3d.png,7,12,53,3d,199,200,True,153.8800048828125,0.0,400,400
analog_07_12_53_atc.png,7,12,53,atc,200,200,True,154.95999145507812,0.0,400,400
analog_07_12_53_design3.png,7,12,53,design3,200,200,True,148.1199951171875,0.0,400,400
analog_07_12_53_js30.png,7,12,53,js30,200,200,True,149.9199981689453,0.0,400,400
analog_07_12_53_orange.png,7,12,53,orange,200,199,True,158.32000732421875,0.0,400,400
analog_07_12_53_simple.png,7,12,53,simple,200,200,False,,0.0,400,400
analog_07_12_53_sweet.png,7,12,53,sweet,200,200,True,154.48001098632812,0.0,400,400
analog_07_12_53_vue.png,7,12,53,vue,200,200,True,154.95999145507812,0.0,400,400
analog_07_12_53_wall.png,7,12,53,wall,200,200,True,126.76000213623047,0.0,400,400
analog_07_12_53_watch.png,7,12,53,watch,200,199,True,153.52000427246094,0.0,400,400
analog_07_14_01_3d.png,7,14,1,3d,199,200,True,153.8800048828125,0.0,400,400
analog_07_14_01_atc.png,7,14,1,atc,200,200,True,154.95999145507812,0.0,400,400
analog_07_14_01_design3.png,7,14,1,design3,200,200,True,148.1199951171875,0.0,400,400
analog_07_14_01_js30.png,7,14,1,js30,200,200,True,149.9199981689453,0.0,400,400
analog_07_14_01_orange.png,7,14,1,orange,200,199,True,158.32000732421875,0.0,400,400
analog_07_14_01_simple.png,7,14,1,simple,200,200,False,,0.0,400,400
analog_07_14_01_sweet.png,7,14,1,sweet,200,200,True,154.48001098632812,0.0,400,400
analog_07_14_01_vue.png,7,14,1,vue,200,200,True,154.95999145507812,0.0,400,400
analog_07_14_01_wall.png,7,14,1,wall,200,200,True,126.76000213623047,0.0,400,400
analog_07_14_01_watch.png,7,14,1,watch,200,199,True,153.52000427246094,0.0,400,400
analog_07_14_04_3d.png,7,14,4,3d,199,200,True,153.8800048828125,0.0,400,400
analog_07_14_04_atc.png,7,14,4,atc,200,200,True,154.95999145507812,0.0,400,400
analog_07_14_04_design3.png,7,14,4,design3,200,200,True,148.1199951171875,0.0,400,400
analog_07_14_04_js30.png,7,14,4,js30,200,200,True,149.9199981689453,0.0,400,400
analog_07_14_04_orange.png,7,14,4,orange,200,199,True,158.32000732421875,0.0,400,400
analog_07_14_04_simple.png,7,14,4,simple,200,200,False,,0.0,400,400
analog_07_14_04_sweet.png,7,14,4,sweet,200,200,True,154.48001098632812,0.0,400,400
analog_07_14_04_vue.png,7,14,4,vue,200,200,True,154.95999145507812,0.0,400,400
analog_07_14_04_wall.png,7,14,4,wall,200,200,True,126.76000213623047,0.0,400,400
analog_07_14_04_watch.png,7,14,4,watch,200,199,True,153.52000427246094,0.0,400,400
analog_07_17_21_3d.png,7,17,21,3d,199,200,True,153.8800048828125,0.0,400,400
analog_07_17_21_atc.png,7,17,21,atc,200,200,True,154.95999145507812,0.0,400,400
analog_07_17_21_design3.png,7,17,21,design3,200,200,True,148.1199951171875,0.0,400,400
analog_07_17_21_js30.png,7,17,21,js30,200,200,True,149.9199981689453,0.0,400,400
analog_07_17_21_orange.png,7,17,21,orange,200,199,True,158.32000732421875,0.0,400,400
analog_07_17_21_simple.png,7,17,21,simple,200,200,False,,0.0,400,400
analog_07_17_21_sweet.png,7,17,21,sweet,200,200,True,154.48001098632812,0.0,400,400
analog_07_17_21_vue.png,7,17,21,vue,200,200,True,154.95999145507812,0.0,400,400
analog_07_17_21_wall.png,7,17,21,wall,200,200,True,126.76000213623047,0.0,400,400
analog_07_17_21_watch.png,7,17,21,watch,200,199,True,153.52000427246094,0.0,400,400
analog_07_17_28_3d.png,7,17,28,3d,199,200,True,153.8800048828125,0.0,400,400
analog_07_17_28_atc.png,7,17,28,atc,200,200,True,154.95999145507812,0.0,400,400
analog_07_17_28_design3.png,7,17,28,design3,200,200,True,148.1199951171875,0.0,400,400
analog_07_17_28_js30.png,7,17,28,js30,200,200,True,149.9199981689453,0.0,400,400
analog_07_17_28_orange.png,7,17,28,orange,200,199,True,158.32000732421875,0.0,400,400
analog_07_17_28_simple.png,7,17,28,simple,200,200,False,,0.0,400,400
analog_07_17_28_sweet.png,7,17,28,sweet,200,200,True,154.48001098632812,0.0,400,400
analog_07_17_28_vue.png,7,17,28,vue,200,200,True,154.95999145507812,0.0,400,400
analog_07_17_28_wall.png,7,17,28,wall,200,200,True,126.76000213623047,0.0,400,400
analog_07_17_28_watch.png,7,17,28,watch,200,199,True,153.52000427246094,0.0,400,400
analog_07_23_18_3d.png,7,23,18,3d,199,200,True,153.8800048828125,0.0,400,400
analog_07_23_18_atc.png,7,23,18,atc,200,200,True,154.95999145507812,0.0,400,400
analog_07_23_18_design3.png,7,23,18,design3,200,200,True,148.1199951171875,0.0,400,400
analog_07_23_18_js30.png,7,23,18,js30,200,200,True,149.9199981689453,0.0,400,400
analog_07_23_18_orange.png,7,23,18,orange,200,199,True,158.32000732421875,0.0,400,400
analog_07_23_18_simple.png,7,23,18,simple,200,200,False,,0.0,400,400
analog_07_23_18_sweet.png,7,23,18,sweet,200,200,True,154.48001098632812,0.0,400,400
analog_07_23_18_vue.png,7,23,18,vue,200,200,True,154.95999145507812,0.0,400,400
analog_07_23_18_wall.png,7,23,18,wall,200,200,True,126.76000213623047,0.0,400,400
analog_07_23_18_watch.png,7,23,18,watch,200,199,True,153.52000427246094,0.0,400,400
analog_07_24_44_3d.png,7,24,44,3d,199,200,True,153.8800048828125,0.0,400,400
analog_07_24_44_atc.png,7,24,44,atc,200,200,True,154.95999145507812,0.0,400,400
analog_07_24_44_design3.png,7,24,44,design3,200,200,True,148.1199951171875,0.0,400,400
analog_07_24_44_js30.png,7,24,44,js30,200,200,True,149.9199981689453,0.0,400,400
analog_07_24_44_orange.png,7,24,44,orange,200,199,True,158.32000732421875,0.0,400,400
analog_07_24_44_simple.png,7,24,44,simple,200,200,False,,0.0,400,400
analog_07_24_44_sweet.png,7,24,44,sweet,200,200,True,154.48001098632812,0.0,400,400
analog_07_24_44_vue.png,7,24,44,vue,200,200,True,154.95999145507812,0.0,400,400
analog_07_24_44_wall.png,7,24,44,wall,200,200,True,126.76000213623047,0.0,400,400
analog_07_24_44_watch.png,7,24,44,watch,200,199,True,153.52000427246094,0.0,400,400
analog_07_25_07_3d.png,7,25,7,3d,199,200,True,153.8800048828125,0.0,400,400
analog_07_25_07_atc.png,7,25,7,atc,200,200,True,154.95999145507812,0.0,400,400
analog_07_25_07_design3.png,7,25,7,design3,200,200,True,148.1199951171875,0.0,400,400
analog_07_25_07_js30.png,7,25,7,js30,200,200,True,149.9199981689453,0.0,400,400
analog_07_25_07_orange.png,7,25,7,orange,200,199,True,158.32000732421875,0.0,400,400
analog_07_25_07_simple.png,7,25,7,simple,302,271,True,127.36000061035156,0.0,400,400
analog_07_25_07_sweet.png,7,25,7,sweet,200,200,True,154.48001098632812,0.0,400,400
analog_07_25_07_vue.png,7,25,7,vue,200,200,True,154.95999145507812,0.0,400,400
analog_07_25_07_wall.png,7,25,7,wall,200,200,True,126.76000213623047,0.0,400,400
analog_07_25_07_watch.png,7,25,7,watch,200,199,True,153.52000427246094,0.0,400,400
analog_07_30_39_3d.png,7,30,39,3d,199,200,True,153.8800048828125,0.0,400,400
analog_07_30_39_atc.png,7,30,39,atc,200,200,True,154.95999145507812,0.0,400,400
analog_07_30_39_design3.png,7,30,39,design3,200,200,True,148.1199951171875,0.0,400,400
analog_07_30_39_js30.png,7,30,39,js30,200,200,True,149.9199981689453,0.0,400,400
analog_07_30_39_orange.png,7,30,39,orange,200,199,True,158.32000732421875,0.0,400,400
analog_07_30_39_simple.png,7,30,39,simple,200,200,False,,0.0,400,400
analog_07_30_39_sweet.png,7,30,39,sweet,200,200,True,154.48001098632812,0.0,400,400
analog_07_30_39_vue.png,7,30,39,vue,200,200,True,154.95999145507812,0.0,400,400
analog_07_30_39_wall.png,7,30,39,wall,200,200,True,126.76000213623047,0.0,400,400
analog_07_30_39_watch.png,7,30,39,watch,200,199,True,153.52000427246094,0.0,400,400
analog_07_35_35_3d.png,7,35,35,3d,199,200,True,153.8800048828125,0.0,400,400
analog_07_35_35_atc.png,7,35,35,atc,200,200,True,154.95999145507812,0.0,400,400
analog_07_35_35_design3.png,7,35,35,design3,200,200,True,148.1199951171875,0.0,400,400
analog_07_35_35_js30.png,7,35,35,js30,200,200,True,149.9199981689453,0.0,400,400
analog_07_35_35_orange.png,7,35,35,orange,200,199,True,158.32000732421875,0.0,400,400
analog_07_35_35_simple.png,7,35,35,simple,200,200,False,,0.0,400,400
analog_07_35_35_sweet.png,7,35,35,sweet,200,200,True,154.48001098632812,0.0,400,400
analog_07_35_35_vue.png,7,35,35,vue,200,200,True,154.95999145507812,0.0,400,400
analog_07_35_35_wall.png,7,35,35,wall,200,200,True,126.76000213623047,0.0,400,400
analog_07_35_35_watch.png,7,35,35,watch,200,199,True,153.52000427246094,0.0,400,400
analog_07_43_19_3d.png,7,43,19,3d,199,200,True,153.8800048828125,0.0,400,400
analog_07_43_19_atc.png,7,43,19,atc,200,200,True,154.95999145507812,0.0,400,400
analog_07_43_19_design3.png,7,43,19,design3,200,200,True,148.1199951171875,0.0,400,400
analog_07_43_19_js30.png,7,43,19,js30,200,200,True,149.9199981689453,0.0,400,400
analog_07_43_19_orange.png,7,43,19,orange,200,199,True,158.32000732421875,0.0,400,400
analog_07_43_19_simple.png,7,43,19,simple,200,200,False,,0.0,400,400
analog_07_43_19_sweet.png,7,43,19,sweet,200,200,True,154.48001098632812,0.0,400,400
analog_07_43_19_vue.png,7,43,19,vue,200,200,True,154.95999145507812,0.0,400,400
analog_07_43_19_wall.png,7,43,19,wall,200,200,True,126.76000213623047,0.0,400,400
analog_07_43_19_watch.png,7,43,19,watch,200,199,True,153.52000427246094,0.0,400,400
analog_07_43_20_3d.png,7,43,20,3d,199,200,True,153.8800048828125,0.0,400,400
analog_07_43_20_atc.png,7,43,20,atc,200,200,True,154.95999145507812,0.0,400,400
analog_07_43_20_design3.png,7,43,20,design3,200,200,True,148.1199951171875,0.0,400,400
analog_07_43_20_js30.png,7,43,20,js30,200,200,True,149.9199981689453,0.0,400,400
analog_07_43_20_orange.png,7,43,20,orange,200,199,True,158.32000732421875,0.0,400,400
analog_07_43_20_simple.png,7,43,20,simple,200,200,False,,0.0,400,400
analog_07_43_20_sweet.png,7,43,20,sweet,200,200,True,154.48001098632812,0.0,400,400
analog_07_43_20_vue.png,7,43,20,vue,200,200,True,154.95999145507812,0.0,400,400
analog_07_43_20_wall.png,7,43,20,wall,200,200,True,126.76000213623047,0.0,400,400
analog_07_43_20_watch.png,7,43,20,watch,200,199,True,153.52000427246094,0.0,400,400
analog_07_44_30_3d.png,7,44,30,3d,199,200,True,153.8800048828125,0.0,400,400
analog_07_44_30_atc.png,7,44,30,atc,200,200,True,154.95999145507812,0.0,400,400
analog_07_44_30_design3.png,7,44,30,design3,200,200,True,148.1199951171875,0.0,400,400
analog_07_44_30_js30.png,7,44,30,js30,200,200,True,149.9199981689453,0.0,400,400
analog_07_44_30_orange.png,7,44,30,orange,200,199,True,158.32000732421875,0.0,400,400
analog_07_44_30_simple.png,7,44,30,simple,200,200,False,,0.0,400,400
analog_07_44_30_sweet.png,7,44,30,sweet,200,200,True,154.48001098632812,0.0,400,400
analog_07_44_30_vue.png,7,44,30,vue,200,200,True,154.95999145507812,0.0,400,400
analog_07_44_30_wall.png,7,44,30,wall,200,200,True,126.76000213623047,0.0,400,400
analog_07_44_30_watch.png,7,44,30,watch,200,199,True,153.52000427246094,0.0,400,400
analog_07_46_26_3d.png,7,46,26,3d,199,200,True,153.8800048828125,0.0,400,400
analog_07_46_26_atc.png,7,46,26,atc,200,200,True,154.95999145507812,0.0,400,400
analog_07_46_26_design3.png,7,46,26,design3,200,200,True,148.1199951171875,0.0,400,400
analog_07_46_26_js30.png,7,46,26,js30,200,200,True,149.9199981689453,0.0,400,400
analog_07_46_26_orange.png,7,46,26,orange,200,199,True,158.32000732421875,0.0,400,400
analog_07_46_26_simple.png,7,46,26,simple,200,200,False,,0.0,400,400
analog_07_46_26_sweet.png,7,46,26,sweet,200,200,True,154.48001098632812,0.0,400,400
analog_07_46_26_vue.png,7,46,26,vue,200,200,True,154.95999145507812,0.0,400,400
analog_07_46_26_wall.png,7,46,26,wall,200,200,True,126.76000213623047,0.0,400,400
analog_07_46_26_watch.png,7,46,26,watch,200,199,True,153.52000427246094,0.0,400,400
analog_07_50_30_3d.png,7,50,30,3d,199,200,True,153.8800048828125,0.0,400,400
analog_07_50_30_atc.png,7,50,30,atc,200,200,True,154.95999145507812,0.0,400,400
analog_07_50_30_design3.png,7,50,30,design3,200,200,True,148.1199951171875,0.0,400,400
analog_07_50_30_js30.png,7,50,30,js30,200,200,True,149.9199981689453,0.0,400,400
analog_07_50_30_orange.png,7,50,30,orange,200,199,True,158.32000732421875,0.0,400,400
analog_07_50_30_simple.png,7,50,30,simple,200,200,False,,0.0,400,400
analog_07_50_30_sweet.png,7,50,30,sweet,200,200,True,154.48001098632812,0.0,400,400
analog_07_50_30_vue.png,7,50,30,vue,200,200,True,154.95999145507812,0.0,400,400
analog_07_50_30_wall.png,7,50,30,wall,200,200,True,126.76000213623047,0.0,400,400
analog_07_50_30_watch.png,7,50,30,watch,200,199,True,153.52000427246094,0.0,400,400
analog_07_51_12_3d.png,7,51,12,3d,199,200,True,153.8800048828125,0.0,400,400
analog_07_51_12_atc.png,7,51,12,atc,200,200,True,154.95999145507812,0.0,400,400
analog_07_51_12_design3.png,7,51,12,design3,200,200,True,148.1199951171875,0.0,400,400
analog_07_51_12_js30.png,7,51,12,js30,200,200,True,149.9199981689453,0.0,400,400
analog_07_51_12_orange.png,7,51,12,orange,200,199,True,158.32000732421875,0.0,400,400
analog_07_51_12_simple.png,7,51,12,simple,200,200,False,,0.0,400,400
analog_07_51_12_sweet.png,7,51,12,sweet,200,200,True,154.48001098632812,0.0,400,400
analog_07_51_12_vue.png,7,51,12,vue,200,200,True,154.95999145507812,0.0,400,400
analog_07_51_12_wall.png,7,51,12,wall,200,200,True,126.76000213623047,0.0,400,400
analog_07_51_12_watch.png,7,51,12,watch,200,199,True,153.52000427246094,0.0,400,400
analog_07_53_40_3d.png,7,53,40,3d,199,200,True,153.8800048828125,0.0,400,400
analog_07_53_40_atc.png,7,53,40,atc,200,200,True,154.95999145507812,0.0,400,400
analog_07_53_40_design3.png,7,53,40,design3,200,200,True,148.1199951171875,0.0,400,400
analog_07_53_40_js30.png,7,53,40,js30,200,200,True,149.9199981689453,0.0,400,400
analog_07_53_40_orange.png,7,53,40,orange,200,199,True,158.32000732421875,0.0,400,400
analog_07_53_40_simple.png,7,53,40,simple,200,200,False,,0.0,400,400
analog_07_53_40_sweet.png,7,53,40,sweet,200,200,True,154.48001098632812,0.0,400,400
analog_07_53_40_vue.png,7,53,40,vue,200,200,True,154.95999145507812,0.0,400,400
analog_07_53_40_wall.png,7,53,40,wall,200,200,True,126.76000213623047,0.0,400,400
analog_07_53_40_watch.png,7,53,40,watch,200,199,True,153.52000427246094,0.0,400,400
analog_07_55_06_3d.png,7,55,6,3d,199,200,True,153.8800048828125,0.0,400,400
analog_07_55_06_atc.png,7,55,6,atc,200,200,True,154.95999145507812,0.0,400,400
analog_07_55_06_design3.png,7,55,6,design3,200,200,True,148.1199951171875,0.0,400,400
analog_07_55_06_js30.png,7,55,6,js30,200,200,True,149.9199981689453,0.0,400,400
analog_07_55_06_orange.png,7,55,6,orange,200,199,True,158.32000732421875,0.0,400,400
analog_07_55_06_simple.png,7,55,6,simple,200,200,False,,0.0,400,400
analog_07_55_06_sweet.png,7,55,6,sweet,200,200,True,154.48001098632812,0.0,400,400
analog_07_55_06_vue.png,7,55,6,vue,200,200,True,154.95999145507812,0.0,400,400
analog_07_55_06_wall.png,7,55,6,wall,200,200,True,126.76000213623047,0.0,400,400
analog_07_55_06_watch.png,7,55,6,watch,200,199,True,153.52000427246094,0.0,400,400
analog_07_55_10_3d.png,7,55,10,3d,199,200,True,153.8800048828125,0.0,400,400
analog_07_55_10_atc.png,7,55,10,atc,200,200,True,154.95999145507812,0.0,400,400
analog_07_55_10_design3.png,7,55,10,design3,200,200,True,148.1199951171875,0.0,400,400
analog_07_55_10_js30.png,7,55,10,js30,200,200,True,149.9199981689453,0.0,400,400
analog_07_55_10_orange.png,7,55,10,orange,200,199,True,158.32000732421875,0.0,400,400
analog_07_55_10_simple.png,7,55,10,simple,200,200,False,,0.0,400,400
analog_07_55_10_sweet.png,7,55,10,sweet,200,200,True,154.48001098632812,0.0,400,400
analog_07_55_10_vue.png,7,55,10,vue,200,200,True,154.95999145507812,0.0,400,400
analog_07_55_10_wall.png,7,55,10,wall,200,200,True,126.76000213623047,0.0,400,400
analog_07_55_10_watch.png,7,55,10,watch,200,199,True,153.52000427246094,0.0,400,400
analog_07_56_36_3d.png,7,56,36,3d,199,200,True,153.8800048828125,0.0,400,400
analog_07_56_36_atc.png,7,56,36,atc,200,200,True,154.95999145507812,0.0,400,400
analog_07_56_36_design3.png,7,56,36,design3,200,200,True,148.1199951171875,0.0,400,400
analog_07_56_36_js30.png,7,56,36,js30,200,200,True,149.9199981689453,0.0,400,400
analog_07_56_36_orange.png,7,56,36,orange,200,199,True,158.32000732421875,0.0,400,400
analog_07_56_36_simple.png,7,56,36,simple,86,151,True,127.0,0.0,400,400
analog_07_56_36_sweet.png,7,56,36,sweet,200,200,True,154.48001098632812,0.0,400,400
analog_07_56_36_vue.png,7,56,36,vue,200,200,True,154.95999145507812,0.0,400,400
analog_07_56_36_wall.png,7,56,36,wall,200,200,True,126.76000213623047,0.0,400,400
analog_07_56_36_watch.png,7,56,36,watch,200,199,True,153.52000427246094,0.0,400,400
analog_08_00_00_3d.png,8,0,0,3d,199,200,True,153.8800048828125,0.0,400,400
analog_08_00_00_atc.png,8,0,0,atc,200,200,True,154.95999145507812,0.0,400,400
analog_08_00_00_design3.png,8,0,0,design3,200,200,True,148.1199951171875,0.0,400,400
analog_08_00_00_js30.png,8,0,0,js30,200,200,True,149.9199981689453,0.0,400,400
analog_08_00_00_orange.png,8,0,0,orange,200,199,True,158.32000732421875,0.0,400,400
analog_08_00_00_simple.png,8,0,0,simple,200,200,False,,0.0,400,400
analog_08_00_00_sweet.png,8,0,0,sweet,200,200,True,154.48001098632812,0.0,400,400
analog_08_00_00_vue.png,8,0,0,vue,200,200,True,154.95999145507812,0.0,400,400
analog_08_00_00_wall.png,8,0,0,wall,200,200,True,126.76000213623047,0.0,400,400
analog_08_00_00_watch.png,8,0,0,watch,200,199,True,153.52000427246094,0.0,400,400
analog_08_08_15_3d.png,8,8,15,3d,199,200,True,153.8800048828125,0.0,400,400
analog_08_08_15_atc.png,8,8,15,atc,200,200,True,154.95999145507812,0.0,400,400
analog_08_08_15_design3.png,8,8,15,design3,200,200,True,148.1199951171875,0.0,400,400
analog_08_08_15_js30.png,8,8,15,js30,200,200,True,149.9199981689453,0.0,400,400
analog_08_08_15_orange.png,8,8,15,orange,200,199,True,158.32000732421875,0.0,400,400
analog_08_08_15_simple.png,8,8,15,simple,200,200,False,,0.0,400,400
analog_08_08_15_sweet.png,8,8,15,sweet,200,200,True,154.48001098632812,0.0,400,400
analog_08_08_15_vue.png,8,8,15,vue,200,200,True,154.95999145507812,0.0,400,400
analog_08_08_15_wall.png,8,8,15,wall,200,200,True,126.76000213623047,0.0,400,400
analog_08_08_15_watch.png,8,8,15,watch,200,199,True,153.52000427246094,0.0,400,400
analog_08_10_50_3d.png,8,10,50,3d,199,200,True,153.8800048828125,0.0,400,400
analog_08_10_50_atc.png,8,10,50,atc,200,200,True,154.95999145507812,0.0,400,400
analog_08_10_50_design3.png,8,10,50,design3,200,200,True,148.1199951171875,0.0,400,400
analog_08_10_50_js30.png,8,10,50,js30,200,200,True,149.9199981689453,0.0,400,400
analog_08_10_50_orange.png,8,10,50,orange,200,199,True,158.32000732421875,0.0,400,400
analog_08_10_50_simple.png,8,10,50,simple,212,39,True,148.0,0.0,400,400
analog_08_10_50_sweet.png,8,10,50,sweet,200,200,True,154.48001098632812,0.0,400,400
analog_08_10_50_vue.png,8,10,50,vue,200,200,True,154.95999145507812,0.0,400,400
analog_08_10_50_wall.png,8,10,50,wall,200,200,True,126.76000213623047,0.0,400,400
analog_08_10_50_watch.png,8,10,50,watch,200,199,True,153.52000427246094,0.0,400,400
analog_08_21_17_3d.png,8,21,17,3d,199,200,True,153.8800048828125,0.0,400,400
analog_08_21_17_atc.png,8,21,17,atc,200,200,True,154.95999145507812,0.0,400,400
analog_08_21_17_design3.png,8,21,17,design3,200,200,True,148.1199951171875,0.0,400,400
analog_08_21_17_js30.png,8,21,17,js30,200,200,True,149.9199981689453,0.0,400,400
analog_08_21_17_orange.png,8,21,17,orange,200,199,True,158.32000732421875,0.0,400,400
analog_08_21_17_simple.png,8,21,17,simple,200,200,False,,0.0,400,400
analog_08_21_17_sweet.png,8,21,17,sweet,200,200,True,154.48001098632812,0.0,400,400
analog_08_21_17_vue.png,8,21,17,vue,200,200,True,154.95999145507812,0.0,400,400
analog_08_21_17_wall.png,8,21,17,wall,200,200,True,126.76000213623047,0.0,400,400
analog_08_21_17_watch.png,8,21,17,watch,200,199,True,153.52000427246094,0.0,400,400
analog_08_24_20_3d.png,8,24,20,3d,199,200,True,153.8800048828125,0.0,400,400
analog_08_24_20_atc.png,8,24,20,atc,200,200,True,154.95999145507812,0.0,400,400
analog_08_24_20_design3.png,8,24,20,design3,200,200,True,148.1199951171875,0.0,400,400
analog_08_24_20_js30.png,8,24,20,js30,200,200,True,149.9199981689453,0.0,400,400
analog_08_24_20_orange.png,8,24,20,orange,200,199,True,158.32000732421875,0.0,400,400
analog_08_24_20_simple.png,8,24,20,simple,200,200,False,,0.0,400,400
analog_08_24_20_sweet.png,8,24,20,sweet,200,200,True,154.48001098632812,0.0,400,400
analog_08_24_20_vue.png,8,24,20,vue,200,200,True,154.95999145507812,0.0,400,400
analog_08_24_20_wall.png,8,24,20,wall,200,200,True,126.76000213623047,0.0,400,400
analog_08_24_20_watch.png,8,24,20,watch,200,199,True,153.52000427246094,0.0,400,400
analog_08_29_15_3d.png,8,29,15,3d,199,200,True,153.8800048828125,0.0,400,400
analog_08_29_15_atc.png,8,29,15,atc,200,200,True,154.95999145507812,0.0,400,400
analog_08_29_15_design3.png,8,29,15,design3,200,200,True,148.1199951171875,0.0,400,400
analog_08_29_15_js30.png,8,29,15,js30,200,200,True,149.9199981689453,0.0,400,400
analog_08_29_15_orange.png,8,29,15,orange,200,199,True,158.32000732421875,0.0,400,400
analog_08_29_15_simple.png,8,29,15,simple,200,200,False,,0.0,400,400
analog_08_29_15_sweet.png,8,29,15,sweet,200,200,True,154.48001098632812,0.0,400,400
analog_08_29_15_vue.png,8,29,15,vue,200,200,True,154.95999145507812,0.0,400,400
analog_08_29_15_wall.png,8,29,15,wall,200,200,True,126.76000213623047,0.0,400,400
analog_08_29_15_watch.png,8,29,15,watch,200,199,True,153.52000427246094,0.0,400,400
analog_08_35_00_3d.png,8,35,0,3d,199,200,True,153.8800048828125,0.0,400,400
analog_08_35_00_atc.png,8,35,0,atc,200,200,True,154.95999145507812,0.0,400,400
analog_08_35_00_design3.png,8,35,0,design3,200,200,True,148.1199951171875,0.0,400,400
analog_08_35_00_js30.png,8,35,0,js30,200,200,True,149.9199981689453,0.0,400,400
analog_08_35_00_orange.png,8,35,0,orange,200,199,True,158.32000732421875,0.0,400,400
analog_08_35_00_simple.png,8,35,0,simple,200,200,False,,0.0,400,400
analog_08_35_00_sweet.png,8,35,0,sweet,200,200,True,154.48001098632812,0.0,400,400
analog_08_35_00_vue.png,8,35,0,vue,200,200,True,154.95999145507812,0.0,400,400
analog_08_35_00_wall.png,8,35,0,wall,200,200,True,126.76000213623047,0.0,400,400
analog_08_35_00_watch.png,8,35,0,watch,200,199,True,153.52000427246094,0.0,400,400
analog_08_38_29_3d.png,8,38,29,3d,199,200,True,153.8800048828125,0.0,400,400
analog_08_38_29_atc.png,8,38,29,atc,200,200,True,154.95999145507812,0.0,400,400
analog_08_38_29_design3.png,8,38,29,design3,200,200,True,148.1199951171875,0.0,400,400
analog_08_38_29_js30.png,8,38,29,js30,200,200,True,149.9199981689453,0.0,400,400
analog_08_38_29_orange.png,8,38,29,orange,200,199,True,158.32000732421875,0.0,400,400
analog_08_38_29_simple.png,8,38,29,simple,200,200,False,,0.0,400,400
analog_08_38_29_sweet.png,8,38,29,sweet,200,200,True,154.48001098632812,0.0,400,400
analog_08_38_29_vue.png,8,38,29,vue,200,200,True,154.95999145507812,0.0,400,400
analog_08_38_29_wall.png,8,38,29,wall,200,200,True,126.76000213623047,0.0,400,400
analog_08_38_29_watch.png,8,38,29,watch,200,199,True,153.52000427246094,0.0,400,400
analog_08_40_40_3d.png,8,40,40,3d,199,200,True,153.8800048828125,0.0,400,400
analog_08_40_40_atc.png,8,40,40,atc,200,200,True,154.95999145507812,0.0,400,400
analog_08_40_40_design3.png,8,40,40,design3,200,200,True,148.1199951171875,0.0,400,400
analog_08_40_40_js30.png,8,40,40,js30,200,200,True,149.9199981689453,0.0,400,400
analog_08_40_40_orange.png,8,40,40,orange,200,199,True,158.32000732421875,0.0,400,400
analog_08_40_40_simple.png,8,40,40,simple,200,200,False,,0.0,400,400
analog_08_40_40_sweet.png,8,40,40,sweet,200,200,True,154.48001098632812,0.0,400,400
analog_08_40_40_vue.png,8,40,40,vue,200,200,True,154.95999145507812,0.0,400,400
analog_08_40_40_wall.png,8,40,40,wall,200,200,True,126.76000213623047,0.0,400,400
analog_08_40_40_watch.png,8,40,40,watch,200,199,True,153.52000427246094,0.0,400,400
analog_08_42_31_3d.png,8,42,31,3d,199,200,True,153.8800048828125,0.0,400,400
analog_08_42_31_atc.png,8,42,31,atc,200,200,True,154.95999145507812,0.0,400,400
analog_08_42_31_design3.png,8,42,31,design3,200,200,True,148.1199951171875,0.0,400,400
analog_08_42_31_js30.png,8,42,31,js30,200,200,True,149.9199981689453,0.0,400,400
analog_08_42_31_orange.png,8,42,31,orange,200,199,True,158.32000732421875,0.0,400,400
analog_08_42_31_simple.png,8,42,31,simple,200,200,False,,0.0,400,400
analog_08_42_31_sweet.png,8,42,31,sweet,200,200,True,154.48001098632812,0.0,400,400
analog_08_42_31_vue.png,8,42,31,vue,200,200,True,154.95999145507812,0.0,400,400
analog_08_42_31_wall.png,8,42,31,wall,200,200,True,126.76000213623047,0.0,400,400
analog_08_42_31_watch.png,8,42,31,watch,200,199,True,153.52000427246094,0.0,400,400
analog_08_47_37_3d.png,8,47,37,3d,199,200,True,153.8800048828125,0.0,400,400
analog_08_47_37_atc.png,8,47,37,atc,200,200,True,154.95999145507812,0.0,400,400
analog_08_47_37_design3.png,8,47,37,design3,200,200,True,148.1199951171875,0.0,400,400
analog_08_47_37_js30.png,8,47,37,js30,200,200,True,149.9199981689453,0.0,400,400
analog_08_47_37_orange.png,8,47,37,orange,200,199,True,158.32000732421875,0.0,400,400
analog_08_47_37_simple.png,8,47,37,simple,200,200,False,,0.0,400,400
analog_08_47_37_sweet.png,8,47,37,sweet,200,200,True,154.48001098632812,0.0,400,400
analog_08_47_37_vue.png,8,47,37,vue,200,200,True,154.95999145507812,0.0,400,400
analog_08_47_37_wall.png,8,47,37,wall,200,200,True,126.76000213623047,0.0,400,400
analog_08_47_37_watch.png,8,47,37,watch,200,199,True,153.52000427246094,0.0,400,400
analog_08_49_23_3d.png,8,49,23,3d,199,200,True,153.8800048828125,0.0,400,400
analog_08_49_23_atc.png,8,49,23,atc,200,200,True,154.95999145507812,0.0,400,400
analog_08_49_23_design3.png,8,49,23,design3,200,200,True,148.1199951171875,0.0,400,400
analog_08_49_23_js30.png,8,49,23,js30,200,200,True,149.9199981689453,0.0,400,400
analog_08_49_23_orange.png,8,49,23,orange,200,199,True,158.32000732421875,0.0,400,400
analog_08_49_23_simple.png,8,49,23,simple,87,317,True,155.9199981689453,0.0,400,400
analog_08_49_23_sweet.png,8,49,23,sweet,200,200,True,154.48001098632812,0.0,400,400
analog_08_49_23_vue.png,8,49,23,vue,200,200,True,154.95999145507812,0.0,400,400
analog_08_49_23_wall.png,8,49,23,wall,200,200,True,126.76000213623047,0.0,400,400
analog_08_49_23_watch.png,8,49,23,watch,200,199,True,153.52000427246094,0.0,400,400
analog_08_49_41_3d.png,8,49,41,3d,199,200,True,153.8800048828125,0.0,400,400
analog_08_49_41_atc.png,8,49,41,atc,200,200,True,154.95999145507812,0.0,400,400
analog_08_49_41_design3.png,8,49,41,design3,200,200,True,148.1199951171875,0.0,400,400
analog_08_49_41_js30.png,8,49,41,js30,200,200,True,149.9199981689453,0.0,400,400
analog_08_49_41_orange.png,8,49,41,orange,200,199,True,158.32000732421875,0.0,400,400
analog_08_49_41_simple.png,8,49,41,simple,200,200,False,,0.0,400,400
analog_08_49_41_sweet.png,8,49,41,sweet,200,200,True,154.48001098632812,0.0,400,400
analog_08_49_41_vue.png,8,49,41,vue,200,200,True,154.95999145507812,0.0,400,400
analog_08_49_41_wall.png,8,49,41,wall,200,200,True,126.76000213623047,0.0,400,400
analog_08_49_41_watch.png,8,49,41,watch,200,199,True,153.52000427246094,0.0,400,400
analog_08_49_49_3d.png,8,49,49,3d,199,200,True,153.8800048828125,0.0,400,400
analog_08_49_49_atc.png,8,49,49,atc,200,200,True,154.95999145507812,0.0,400,400
analog_08_49_49_design3.png,8,49,49,design3,200,200,True,148.1199951171875,0.0,400,400
analog_08_49_49_js30.png,8,49,49,js30,200,200,True,149.9199981689453,0.0,400,400
analog_08_49_49_orange.png,8,49,49,orange,200,199,True,158.32000732421875,0.0,400,400
analog_08_49_49_simple.png,8,49,49,simple,200,200,False,,0.0,400,400
analog_08_49_49_sweet.png,8,49,49,sweet,200,200,True,154.48001098632812,0.0,400,400
analog_08_49_49_vue.png,8,49,49,vue,200,200,True,154.95999145507812,0.0,400,400
analog_08_49_49_wall.png,8,49,49,wall,200,200,True,126.76000213623047,0.0,400,400
analog_08_49_49_watch.png,8,49,49,watch,200,199,True,153.52000427246094,0.0,400,400
analog_09_00_00_3d.png,9,0,0,3d,199,200,True,153.8800048828125,0.0,400,400
analog_09_00_00_atc.png,9,0,0,atc,200,200,True,154.95999145507812,0.0,400,400
analog_09_00_00_design3.png,9,0,0,design3,200,200,True,148.1199951171875,0.0,400,400
analog_09_00_00_js30.png,9,0,0,js30,200,200,True,149.9199981689453,0.0,400,400
analog_09_00_00_orange.png,9,0,0,orange,200,199,True,158.32000732421875,0.0,400,400
analog_09_00_00_simple.png,9,0,0,simple,200,200,False,,0.0,400,400
analog_09_00_00_sweet.png,9,0,0,sweet,200,200,True,154.48001098632812,0.0,400,400
analog_09_00_00_vue.png,9,0,0,vue,200,200,True,154.95999145507812,0.0,400,400
analog_09_00_00_wall.png,9,0,0,wall,200,200,True,126.76000213623047,0.0,400,400
analog_09_00_00_watch.png,9,0,0,watch,200,199,True,153.52000427246094,0.0,400,400
analog_09_05_54_3d.png,9,5,54,3d,199,200,True,153.8800048828125,0.0,400,400
analog_09_05_54_atc.png,9,5,54,atc,200,200,True,154.95999145507812,0.0,400,400
analog_09_05_54_design3.png,9,5,54,design3,200,200,True,148.1199951171875,0.0,400,400
analog_09_05_54_js30.png,9,5,54,js30,200,200,True,149.9199981689453,0.0,400,400
analog_09_05_54_orange.png,9,5,54,orange,200,199,True,158.32000732421875,0.0,400,400
analog_09_05_54_simple.png,9,5,54,simple,200,200,False,,0.0,400,400
analog_09_05_54_sweet.png,9,5,54,sweet,200,200,True,154.48001098632812,0.0,400,400
analog_09_05_54_vue.png,9,5,54,vue,200,200,True,154.95999145507812,0.0,400,400
analog_09_05_54_wall.png,9,5,54,wall,200,200,True,126.76000213623047,0.0,400,400
analog_09_05_54_watch.png,9,5,54,watch,200,199,True,153.52000427246094,0.0,400,400
analog_09_13_03_3d.png,9,13,3,3d,199,200,True,153.8800048828125,0.0,400,400
analog_09_13_03_atc.png,9,13,3,atc,200,200,True,154.95999145507812,0.0,400,400
analog_09_13_03_design3.png,9,13,3,design3,200,200,True,148.1199951171875,0.0,400,400
analog_09_13_03_js30.png,9,13,3,js30,200,200,True,149.9199981689453,0.0,400,400
analog_09_13_03_orange.png,9,13,3,orange,200,199,True,158.32000732421875,0.0,400,400
analog_09_13_03_simple.png,9,13,3,simple,200,200,False,,0.0,400,400
analog_09_13_03_sweet.png,9,13,3,sweet,200,200,True,154.48001098632812,0.0,400,400
analog_09_13_03_vue.png,9,13,3,vue,200,200,True,154.95999145507812,0.0,400,400
analog_09_13_03_wall.png,9,13,3,wall,200,200,True,126.76000213623047,0.0,400,400
analog_09_13_03_watch.png,9,13,3,watch,200,199,True,153.52000427246094,0.0,400,400
analog_09_15_03_3d.png,9,15,3,3d,199,200,True,153.8800048828125,0.0,400,400
analog_09_15_03_atc.png,9,15,3,atc,200,200,True,154.95999145507812,0.0,400,400
analog_09_15_03_design3.png,9,15,3,design3,200,200,True,148.1199951171875,0.0,400,400
analog_09_15_03_js30.png,9,15,3,js30,200,200,True,149.9199981689453,0.0,400,400
analog_09_15_03_orange.png,9,15,3,orange,200,199,True,158.32000732421875,0.0,400,400
analog_09_15_03_simple.png,9,15,3,simple,200,200,False,,0.0,400,400
analog_09_15_03_sweet.png,9,15,3,sweet,200,200,True,154.48001098632812,0.0,400,400
analog_09_15_03_vue.png,9,15,3,vue,200,200,True,154.95999145507812,0.0,400,400
analog_09_15_03_wall.png,9,15,3,wall,200,200,True,126.76000213623047,0.0,400,400
analog_09_15_03_watch.png,9,15,3,watch,200,199,True,153.52000427246094,0.0,400,400
analog_09_25_42_3d.png,9,25,42,3d,199,200,True,153.8800048828125,0.0,400,400
analog_09_25_42_atc.png,9,25,42,atc,200,200,True,154.95999145507812,0.0,400,400
analog_09_25_42_design3.png,9,25,42,design3,200,200,True,148.1199951171875,0.0,400,400
analog_09_25_42_js30.png,9,25,42,js30,200,200,True,149.9199981689453,0.0,400,400
analog_09_25_42_orange.png,9,25,42,orange,200,199,True,158.32000732421875,0.0,400,400
analog_09_25_42_simple.png,9,25,42,simple,200,200,False,,0.0,400,400
analog_09_25_42_sweet.png,9,25,42,sweet,200,200,True,154.48001098632812,0.0,400,400
analog_09_25_42_vue.png,9,25,42,vue,200,200,True,154.95999145507812,0.0,400,400
analog_09_25_42_wall.png,9,25,42,wall,200,200,True,126.76000213623047,0.0,400,400
analog_09_25_42_watch.png,9,25,42,watch,200,199,True,153.52000427246094,0.0,400,400
analog_09_36_43_3d.png,9,36,43,3d,199,200,True,153.8800048828125,0.0,400,400
analog_09_36_43_atc.png,9,36,43,atc,200,200,True,154.95999145507812,0.0,400,400
analog_09_36_43_design3.png,9,36,43,design3,200,200,True,148.1199951171875,0.0,400,400
analog_09_36_43_js30.png,9,36,43,js30,200,200,True,149.9199981689453,0.0,400,400
analog_09_36_43_orange.png,9,36,43,orange,200,199,True,158.32000732421875,0.0,400,400
analog_09_36_43_simple.png,9,36,43,simple,200,200,False,,0.0,400,400
analog_09_36_43_sweet.png,9,36,43,sweet,200,200,True,154.48001098632812,0.0,400,400
analog_09_36_43_vue.png,9,36,43,vue,200,200,True,154.95999145507812,0.0,400,400
analog_09_36_43_wall.png,9,36,43,wall,200,200,True,126.76000213623047,0.0,400,400
analog_09_36_43_watch.png,9,36,43,watch,200,199,True,153.52000427246094,0.0,400,400
analog_09_45_45_3d.png,9,45,45,3d,199,200,True,153.8800048828125,0.0,400,400
analog_09_45_45_atc.png,9,45,45,atc,200,200,True,154.95999145507812,0.0,400,400
analog_09_45_45_design3.png,9,45,45,design3,200,200,True,148.1199951171875,0.0,400,400
analog_09_45_45_js30.png,9,45,45,js30,200,200,True,149.9199981689453,0.0,400,400
analog_09_45_45_orange.png,9,45,45,orange,200,199,True,158.32000732421875,0.0,400,400
analog_09_45_45_simple.png,9,45,45,simple,200,200,False,,0.0,400,400
analog_09_45_45_sweet.png,9,45,45,sweet,200,200,True,154.48001098632812,0.0,400,400
analog_09_45_45_vue.png,9,45,45,vue,200,200,True,154.95999145507812,0.0,400,400
analog_09_45_45_wall.png,9,45,45,wall,200,200,True,126.76000213623047,0.0,400,400
analog_09_45_45_watch.png,9,45,45,watch,200,199,True,153.52000427246094,0.0,400,400
analog_09_53_40_3d.png,9,53,40,3d,199,200,True,153.8800048828125,0.0,400,400
analog_09_53_40_atc.png,9,53,40,atc,200,200,True,154.95999145507812,0.0,400,400
analog_09_53_40_design3.png,9,53,40,design3,200,200,True,148.1199951171875,0.0,400,400
analog_09_53_40_js30.png,9,53,40,js30,200,200,True,149.9199981689453,0.0,400,400
analog_09_53_40_orange.png,9,53,40,orange,200,199,True,158.32000732421875,0.0,400,400
analog_09_53_40_simple.png,9,53,40,simple,200,200,False,,0.0,400,400
analog_09_53_40_sweet.png,9,53,40,sweet,200,200,True,154.48001098632812,0.0,400,400
analog_09_53_40_vue.png,9,53,40,vue,200,200,True,154.95999145507812,0.0,400,400
analog_09_53_40_wall.png,9,53,40,wall,200,200,True,126.76000213623047,0.0,400,400
analog_09_53_40_watch.png,9,53,40,watch,200,199,True,153.52000427246094,0.0,400,400
analog_09_54_43_3d.png,9,54,43,3d,199,200,True,153.8800048828125,0.0,400,400
analog_09_54_43_atc.png,9,54,43,atc,200,200,True,154.95999145507812,0.0,400,400
analog_09_54_43_design3.png,9,54,43,design3,200,200,True,148.1199951171875,0.0,400,400
analog_09_54_43_js30.png,9,54,43,js30,200,200,True,149.9199981689453,0.0,400,400
analog_09_54_43_orange.png,9,54,43,orange,200,199,True,158.32000732421875,0.0,400,400
analog_09_54_43_simple.png,9,54,43,simple,200,200,False,,0.0,400,400
analog_09_54_43_sweet.png,9,54,43,sweet,200,200,True,154.48001098632812,0.0,400,400
analog_09_54_43_vue.png,9,54,43,vue,200,200,True,154.95999145507812,0.0,400,400
analog_09_54_43_wall.png,9,54,43,wall,200,200,True,126.76000213623047,0.0,400,400
analog_09_54_43_watch.png,9,54,43,watch,200,199,True,153.52000427246094,0.0,400,400
analog_10_00_00_3d.png,10,0,0,3d,199,200,True,153.8800048828125,0.0,400,400
analog_10_00_00_atc.png,10,0,0,atc,200,200,True,154.95999145507812,0.0,400,400
analog_10_00_00_design3.png,10,0,0,design3,200,200,True,148.1199951171875,0.0,400,400
analog_10_00_00_js30.png,10,0,0,js30,200,200,True,149.9199981689453,0.0,400,400
analog_10_00_00_orange.png,10,0,0,orange,200,199,True,158.32000732421875,0.0,400,400
analog_10_00_00_simple.png,10,0,0,simple,200,200,False,,0.0,400,400
analog_10_00_00_sweet.png,10,0,0,sweet,200,200,True,154.48001098632812,0.0,400,400
analog_10_00_00_vue.png,10,0,0,vue,200,200,True,154.95999145507812,0.0,400,400
analog_10_00_00_wall.png,10,0,0,wall,200,200,True,126.76000213623047,0.0,400,400
analog_10_00_00_watch.png,10,0,0,watch,200,199,True,153.52000427246094,0.0,400,400
analog_10_01_37_3d.png,10,1,37,3d,199,200,True,153.8800048828125,0.0,400,400
analog_10_01_37_atc.png,10,1,37,atc,200,200,True,154.95999145507812,0.0,400,400
analog_10_01_37_design3.png,10,1,37,design3,200,200,True,148.1199951171875,0.0,400,400
analog_10_01_37_js30.png,10,1,37,js30,200,200,True,149.9199981689453,0.0,400,400
analog_10_01_37_orange.png,10,1,37,orange,200,199,True,158.32000732421875,0.0,400,400
analog_10_01_37_simple.png,10,1,37,simple,200,200,False,,0.0,400,400
analog_10_01_37_sweet.png,10,1,37,sweet,200,200,True,154.48001098632812,0.0,400,400
analog_10_01_37_vue.png,10,1,37,vue,200,200,True,154.95999145507812,0.0,400,400
analog_10_01_37_wall.png,10,1,37,wall,200,200,True,126.76000213623047,0.0,400,400
analog_10_01_37_watch.png,10,1,37,watch,200,199,True,153.52000427246094,0.0,400,400
analog_10_05_52_3d.png,10,5,52,3d,199,200,True,153.8800048828125,0.0,400,400
analog_10_05_52_atc.png,10,5,52,atc,200,200,True,154.95999145507812,0.0,400,400
analog_10_05_52_design3.png,10,5,52,design3,200,200,True,148.1199951171875,0.0,400,400
analog_10_05_52_js30.png,10,5,52,js30,200,200,True,149.9199981689453,0.0,400,400
analog_10_05_52_orange.png,10,5,52,orange,200,199,True,158.32000732421875,0.0,400,400
analog_10_05_52_simple.png,10,5,52,simple,243,43,True,148.1199951171875,0.0,400,400
analog_10_05_52_sweet.png,10,5,52,sweet,200,200,True,154.48001098632812,0.0,400,400
analog_10_05_52_vue.png,10,5,52,vue,200,200,True,154.95999145507812,0.0,400,400
analog_10_05_52_wall.png,10,5,52,wall,200,200,True,126.76000213623047,0.0,400,400
analog_10_05_52_watch.png,10,5,52,watch,200,199,True,153.52000427246094,0.0,400,400
analog_10_07_18_3d.png,10,7,18,3d,199,200,True,153.8800048828125,0.0,400,400
analog_10_07_18_atc.png,10,7,18,atc,200,200,True,154.95999145507812,0.0,400,400
analog_10_07_18_design3.png,10,7,18,design3,200,200,True,148.1199951171875,0.0,400,400
analog_10_07_18_js30.png,10,7,18,js30,200,200,True,149.9199981689453,0.0,400,400
analog_10_07_18_orange.png,10,7,18,orange,200,199,True,158.32000732421875,0.0,400,400
analog_10_07_18_simple.png,10,7,18,simple,200,200,False,,0.0,400,400
analog_10_07_18_sweet.png,10,7,18,sweet,200,200,True,154.48001098632812,0.0,400,400
analog_10_07_18_vue.png,10,7,18,vue,200,200,True,154.95999145507812,0.0,400,400
analog_10_07_18_wall.png,10,7,18,wall,200,200,True,126.76000213623047,0.0,400,400
analog_10_07_18_watch.png,10,7,18,watch,200,199,True,153.52000427246094,0.0,400,400
analog_10_11_31_3d.png,10,11,31,3d,199,200,True,153.8800048828125,0.0,400,400
analog_10_11_31_atc.png,10,11,31,atc,200,200,True,154.95999145507812,0.0,400,400
analog_10_11_31_design3.png,10,11,31,design3,200,200,True,148.1199951171875,0.0,400,400
analog_10_11_31_js30.png,10,11,31,js30,200,200,True,149.9199981689453,0.0,400,400
analog_10_11_31_orange.png,10,11,31,orange,200,199,True,158.32000732421875,0.0,400,400
analog_10_11_31_simple.png,10,11,31,simple,200,200,False,,0.0,400,400
analog_10_11_31_sweet.png,10,11,31,sweet,200,200,True,154.48001098632812,0.0,400,400
analog_10_11_31_vue.png,10,11,31,vue,200,200,True,154.95999145507812,0.0,400,400
analog_10_11_31_wall.png,10,11,31,wall,200,200,True,126.76000213623047,0.0,400,400
analog_10_11_31_watch.png,10,11,31,watch,200,199,True,153.52000427246094,0.0,400,400
analog_10_13_43_3d.png,10,13,43,3d,199,200,True,153.8800048828125,0.0,400,400
analog_10_13_43_atc.png,10,13,43,atc,200,200,True,154.95999145507812,0.0,400,400
analog_10_13_43_design3.png,10,13,43,design3,200,200,True,148.1199951171875,0.0,400,400
analog_10_13_43_js30.png,10,13,43,js30,200,200,True,149.9199981689453,0.0,400,400
analog_10_13_43_orange.png,10,13,43,orange,200,199,True,158.32000732421875,0.0,400,400
analog_10_13_43_simple.png,10,13,43,simple,200,200,False,,0.0,400,400
analog_10_13_43_sweet.png,10,13,43,sweet,200,200,True,154.48001098632812,0.0,400,400
analog_10_13_43_vue.png,10,13,43,vue,200,200,True,154.95999145507812,0.0,400,400
analog_10_13_43_wall.png,10,13,43,wall,200,200,True,126.76000213623047,0.0,400,400
analog_10_13_43_watch.png,10,13,43,watch,200,199,True,153.52000427246094,0.0,400,400
analog_10_15_16_3d.png,10,15,16,3d,199,200,True,153.8800048828125,0.0,400,400
analog_10_15_16_atc.png,10,15,16,atc,200,200,True,154.95999145507812,0.0,400,400
analog_10_15_16_design3.png,10,15,16,design3,200,200,True,148.1199951171875,0.0,400,400
analog_10_15_16_js30.png,10,15,16,js30,200,200,True,149.9199981689453,0.0,400,400
analog_10_15_16_orange.png,10,15,16,orange,200,199,True,158.32000732421875,0.0,400,400
analog_10_15_16_simple.png,10,15,16,simple,200,200,False,,0.0,400,400
analog_10_15_16_sweet.png,10,15,16,sweet,200,200,True,154.48001098632812,0.0,400,400
analog_10_15_16_vue.png,10,15,16,vue,200,200,True,154.95999145507812,0.0,400,400
analog_10_15_16_wall.png,10,15,16,wall,200,200,True,126.76000213623047,0.0,400,400
analog_10_15_16_watch.png,10,15,16,watch,200,199,True,153.52000427246094,0.0,400,400
analog_10_17_09_3d.png,10,17,9,3d,199,200,True,153.8800048828125,0.0,400,400
analog_10_17_09_atc.png,10,17,9,atc,200,200,True,154.95999145507812,0.0,400,400
analog_10_17_09_design3.png,10,17,9,design3,200,200,True,148.1199951171875,0.0,400,400
analog_10_17_09_js30.png,10,17,9,js30,200,200,True,149.9199981689453,0.0,400,400
analog_10_17_09_orange.png,10,17,9,orange,200,199,True,158.32000732421875,0.0,400,400
analog_10_17_09_simple.png,10,17,9,simple,200,200,False,,0.0,400,400
analog_10_17_09_sweet.png,10,17,9,sweet,200,200,True,154.48001098632812,0.0,400,400
analog_10_17_09_vue.png,10,17,9,vue,200,200,True,154.95999145507812,0.0,400,400
analog_10_17_09_wall.png,10,17,9,wall,200,200,True,126.76000213623047,0.0,400,400
analog_10_17_09_watch.png,10,17,9,watch,200,199,True,153.52000427246094,0.0,400,400
analog_10_17_55_3d.png,10,17,55,3d,199,200,True,153.8800048828125,0.0,400,400
analog_10_17_55_atc.png,10,17,55,atc,200,200,True,154.95999145507812,0.0,400,400
analog_10_17_55_design3.png,10,17,55,design3,200,200,True,148.1199951171875,0.0,400,400
analog_10_17_55_js30.png,10,17,55,js30,200,200,True,149.9199981689453,0.0,400,400
analog_10_17_55_orange.png,10,17,55,orange,200,199,True,158.32000732421875,0.0,400,400
analog_10_17_55_simple.png,10,17,55,simple,308,56,True,167.9199981689453,0.0,400,400
analog_10_17_55_sweet.png,10,17,55,sweet,200,200,True,154.48001098632812,0.0,400,400
analog_10_17_55_vue.png,10,17,55,vue,200,200,True,154.95999145507812,0.0,400,400
analog_10_17_55_wall.png,10,17,55,wall,200,200,True,126.76000213623047,0.0,400,400
analog_10_17_55_watch.png,10,17,55,watch,200,199,True,153.52000427246094,0.0,400,400
analog_10_22_34_3d.png,10,22,34,3d,199,200,True,153.8800048828125,0.0,400,400
analog_10_22_34_atc.png,10,22,34,atc,200,200,True,154.95999145507812,0.0,400,400
analog_10_22_34_design3.png,10,22,34,design3,200,200,True,148.1199951171875,0.0,400,400
analog_10_22_34_js30.png,10,22,34,js30,200,200,True,149.9199981689453,0.0,400,400
analog_10_22_34_orange.png,10,22,34,orange,200,199,True,158.32000732421875,0.0,400,400
analog_10_22_34_simple.png,10,22,34,simple,200,200,False,,0.0,400,400
analog_10_22_34_sweet.png,10,22,34,sweet,200,200,True,154.48001098632812,0.0,400,400
analog_10_22_34_vue.png,10,22,34,vue,200,200,True,154.95999145507812,0.0,400,400
analog_10_22_34_wall.png,10,22,34,wall,200,200,True,126.76000213623047,0.0,400,400
analog_10_22_34_watch.png,10,22,34,watch,200,199,True,153.52000427246094,0.0,400,400
analog_10_27_38_3d.png,10,27,38,3d,199,200,True,153.8800048828125,0.0,400,400
analog_10_27_38_atc.png,10,27,38,atc,200,200,True,154.95999145507812,0.0,400,400
analog_10_27_38_design3.png,10,27,38,design3,200,200,True,148.1199951171875,0.0,400,400
analog_10_27_38_js30.png,10,27,38,js30,200,200,True,149.9199981689453,0.0,400,400
analog_10_27_38_orange.png,10,27,38,orange,200,199,True,158.32000732421875,0.0,400,400
analog_10_27_38_simple.png,10,27,38,simple,200,200,False,,0.0,400,400
analog_10_27_38_sweet.png,10,27,38,sweet,200,200,True,154.48001098632812,0.0,400,400
analog_10_27_38_vue.png,10,27,38,vue,200,200,True,154.95999145507812,0.0,400,400
analog_10_27_38_wall.png,10,27,38,wall,200,200,True,126.76000213623047,0.0,400,400
analog_10_27_38_watch.png,10,27,38,watch,200,199,True,153.52000427246094,0.0,400,400
analog_10_29_28_3d.png,10,29,28,3d,199,200,True,153.8800048828125,0.0,400,400
analog_10_29_28_atc.png,10,29,28,atc,200,200,True,154.95999145507812,0.0,400,400
analog_10_29_28_design3.png,10,29,28,design3,200,200,True,148.1199951171875,0.0,400,400
analog_10_29_28_js30.png,10,29,28,js30,200,200,True,149.9199981689453,0.0,400,400
analog_10_29_28_orange.png,10,29,28,orange,200,199,True,158.32000732421875,0.0,400,400
analog_10_29_28_simple.png,10,29,28,simple,93,307,True,143.67999267578125,0.0,400,400
analog_10_29_28_sweet.png,10,29,28,sweet,200,200,True,154.48001098632812,0.0,400,400
analog_10_29_28_vue.png,10,29,28,vue,200,200,True,154.95999145507812,0.0,400,400
analog_10_29_28_wall.png,10,29,28,wall,200,200,True,126.76000213623047,0.0,400,400
analog_10_29_28_watch.png,10,29,28,watch,200,199,True,153.52000427246094,0.0,400,400
analog_10_34_29_3d.png,10,34,29,3d,199,200,True,153.8800048828125,0.0,400,400
analog_10_34_29_atc.png,10,34,29,atc,200,200,True,154.95999145507812,0.0,400,400
analog_10_34_29_design3.png,10,34,29,design3,200,200,True,148.1199951171875,0.0,400,400
analog_10_34_29_js30.png,10,34,29,js30,200,200,True,149.9199981689453,0.0,400,400
analog_10_34_29_orange.png,10,34,29,orange,200,199,True,158.32000732421875,0.0,400,400
analog_10_34_29_simple.png,10,34,29,simple,200,200,False,,0.0,400,400
analog_10_34_29_sweet.png,10,34,29,sweet,200,200,True,154.48001098632812,0.0,400,400
analog_10_34_29_vue.png,10,34,29,vue,200,200,True,154.95999145507812,0.0,400,400
analog_10_34_29_wall.png,10,34,29,wall,200,200,True,126.76000213623047,0.0,400,400
analog_10_34_29_watch.png,10,34,29,watch,200,199,True,153.52000427246094,0.0,400,400
analog_10_39_20_3d.png,10,39,20,3d,199,200,True,153.8800048828125,0.0,400,400
analog_10_39_20_atc.png,10,39,20,atc,200,200,True,154.95999145507812,0.0,400,400
analog_10_39_20_design3.png,10,39,20,design3,200,200,True,148.1199951171875,0.0,400,400
analog_10_39_20_js30.png,10,39,20,js30,200,200,True,149.9199981689453,0.0,400,400
analog_10_39_20_orange.png,10,39,20,orange,200,199,True,158.32000732421875,0.0,400,400
analog_10_39_20_simple.png,10,39,20,simple,200,200,False,,0.0,400,400
analog_10_39_20_sweet.png,10,39,20,sweet,200,200,True,154.48001098632812,0.0,400,400
analog_10_39_20_vue.png,10,39,20,vue,200,200,True,154.95999145507812,0.0,400,400
analog_10_39_20_wall.png,10,39,20,wall,200,200,True,126.76000213623047,0.0,400,400
analog_10_39_20_watch.png,10,39,20,watch,200,199,True,153.52000427246094,0.0,400,400
analog_10_48_56_3d.png,10,48,56,3d,199,200,True,153.8800048828125,0.0,400,400
analog_10_48_56_atc.png,10,48,56,atc,200,200,True,154.95999145507812,0.0,400,400
analog_10_48_56_design3.png,10,48,56,design3,200,200,True,148.1199951171875,0.0,400,400
analog_10_48_56_js30.png,10,48,56,js30,200,200,True,149.9199981689453,0.0,400,400
analog_10_48_56_orange.png,10,48,56,orange,200,199,True,158.32000732421875,0.0,400,400
analog_10_48_56_simple.png,10,48,56,simple,200,200,False,,0.0,400,400
analog_10_48_56_sweet.png,10,48,56,sweet,200,200,True,154.48001098632812,0.0,400,400
analog_10_48_56_vue.png,10,48,56,vue,200,200,True,154.95999145507812,0.0,400,400
analog_10_48_56_wall.png,10,48,56,wall,200,200,True,126.76000213623047,0.0,400,400
analog_10_48_56_watch.png,10,48,56,watch,200,199,True,153.52000427246094,0.0,400,400
analog_10_50_50_3d.png,10,50,50,3d,199,200,True,153.8800048828125,0.0,400,400
analog_10_50_50_atc.png,10,50,50,atc,200,200,True,154.95999145507812,0.0,400,400
analog_10_50_50_design3.png,10,50,50,design3,200,200,True,148.1199951171875,0.0,400,400
analog_10_50_50_js30.png,10,50,50,js30,200,200,True,149.9199981689453,0.0,400,400
analog_10_50_50_orange.png,10,50,50,orange,200,199,True,158.32000732421875,0.0,400,400
analog_10_50_50_simple.png,10,50,50,simple,200,200,False,,0.0,400,400
analog_10_50_50_sweet.png,10,50,50,sweet,200,200,True,154.48001098632812,0.0,400,400
analog_10_50_50_vue.png,10,50,50,vue,200,200,True,154.95999145507812,0.0,400,400
analog_10_50_50_wall.png,10,50,50,wall,200,200,True,126.76000213623047,0.0,400,400
analog_10_50_50_watch.png,10,50,50,watch,200,199,True,153.52000427246094,0.0,400,400
analog_10_50_59_3d.png,10,50,59,3d,199,200,True,153.8800048828125,0.0,400,400
analog_10_50_59_atc.png,10,50,59,atc,200,200,True,154.95999145507812,0.0,400,400
analog_10_50_59_design3.png,10,50,59,design3,200,200,True,148.1199951171875,0.0,400,400
analog_10_50_59_js30.png,10,50,59,js30,200,200,True,149.9199981689453,0.0,400,400
analog_10_50_59_orange.png,10,50,59,orange,200,199,True,158.32000732421875,0.0,400,400
analog_10_50_59_simple.png,10,50,59,simple,200,200,False,,0.0,400,400
analog_10_50_59_sweet.png,10,50,59,sweet,200,200,True,154.48001098632812,0.0,400,400
analog_10_50_59_vue.png,10,50,59,vue,200,200,True,154.95999145507812,0.0,400,400
analog_10_50_59_wall.png,10,50,59,wall,200,200,True,126.76000213623047,0.0,400,400
analog_10_50_59_watch.png,10,50,59,watch,200,199,True,153.52000427246094,0.0,400,400
analog_10_54_15_3d.png,10,54,15,3d,199,200,True,153.8800048828125,0.0,400,400
analog_10_54_15_atc.png,10,54,15,atc,200,200,True,154.95999145507812,0.0,400,400
analog_10_54_15_design3.png,10,54,15,design3,200,200,True,148.1199951171875,0.0,400,400
analog_10_54_15_js30.png,10,54,15,js30,200,200,True,149.9199981689453,0.0,400,400
analog_10_54_15_orange.png,10,54,15,orange,200,199,True,158.32000732421875,0.0,400,400
analog_10_54_15_simple.png,10,54,15,simple,248,61,True,141.75999450683594,0.0,400,400
analog_10_54_15_sweet.png,10,54,15,sweet,200,200,True,154.48001098632812,0.0,400,400
analog_10_54_15_vue.png,10,54,15,vue,200,200,True,154.95999145507812,0.0,400,400
analog_10_54_15_wall.png,10,54,15,wall,200,200,True,126.76000213623047,0.0,400,400
analog_10_54_15_watch.png,10,54,15,watch,200,199,True,153.52000427246094,0.0,400,400
analog_10_57_34_3d.png,10,57,34,3d,199,200,True,153.8800048828125,0.0,400,400
analog_10_57_34_atc.png,10,57,34,atc,200,200,True,154.95999145507812,0.0,400,400
analog_10_57_34_design3.png,10,57,34,design3,200,200,True,148.1199951171875,0.0,400,400
analog_10_57_34_js30.png,10,57,34,js30,200,200,True,149.9199981689453,0.0,400,400
analog_10_57_34_orange.png,10,57,34,orange,200,199,True,158.32000732421875,0.0,400,400
analog_10_57_34_simple.png,10,57,34,simple,200,200,False,,0.0,400,400
analog_10_57_34_sweet.png,10,57,34,sweet,200,200,True,154.48001098632812,0.0,400,400
analog_10_57_34_vue.png,10,57,34,vue,200,200,True,154.95999145507812,0.0,400,400
analog_10_57_34_wall.png,10,57,34,wall,200,200,True,126.76000213623047,0.0,400,400
analog_10_57_34_watch.png,10,57,34,watch,200,199,True,153.52000427246094,0.0,400,400
analog_10_59_16_3d.png,10,59,16,3d,199,200,True,153.8800048828125,0.0,400,400
analog_10_59_16_atc.png,10,59,16,atc,200,200,True,154.95999145507812,0.0,400,400
analog_10_59_16_design3.png,10,59,16,design3,200,200,True,148.1199951171875,0.0,400,400
analog_10_59_16_js30.png,10,59,16,js30,200,200,True,149.9199981689453,0.0,400,400
analog_10_59_16_orange.png,10,59,16,orange,200,199,True,158.32000732421875,0.0,400,400
analog_10_59_16_simple.png,10,59,16,simple,200,200,False,,0.0,400,400
analog_10_59_16_sweet.png,10,59,16,sweet,200,200,True,154.48001098632812,0.0,400,400
analog_10_59_16_vue.png,10,59,16,vue,200,200,True,154.95999145507812,0.0,400,400
analog_10_59_16_wall.png,10,59,16,wall,200,200,True,126.76000213623047,0.0,400,400
analog_10_59_16_watch.png,10,59,16,watch,200,199,True,153.52000427246094,0.0,400,400
analog_10_59_48_3d.png,10,59,48,3d,199,200,True,153.8800048828125,0.0,400,400
analog_10_59_48_atc.png,10,59,48,atc,200,200,True,154.95999145507812,0.0,400,400
analog_10_59_48_design3.png,10,59,48,design3,200,200,True,148.1199951171875,0.0,400,400
analog_10_59_48_js30.png,10,59,48,js30,200,200,True,149.9199981689453,0.0,400,400
analog_10_59_48_orange.png,10,59,48,orange,200,199,True,158.32000732421875,0.0,400,400
analog_10_59_48_simple.png,10,59,48,simple,200,200,False,,0.0,400,400
analog_10_59_48_sweet.png,10,59,48,sweet,200,200,True,154.48001098632812,0.0,400,400
analog_10_59_48_vue.png,10,59,48,vue,200,200,True,154.95999145507812,0.0,400,400
analog_10_59_48_wall.png,10,59,48,wall,200,200,True,126.76000213623047,0.0,400,400
analog_10_59_48_watch.png,10,59,48,watch,200,199,True,153.52000427246094,0.0,400,400
analog_11_00_00_3d.png,11,0,0,3d,199,200,True,153.8800048828125,0.0,400,400
analog_11_00_00_atc.png,11,0,0,atc,200,200,True,154.95999145507812,0.0,400,400
analog_11_00_00_design3.png,11,0,0,design3,200,200,True,148.1199951171875,0.0,400,400
analog_11_00_00_js30.png,11,0,0,js30,200,200,True,149.9199981689453,0.0,400,400
analog_11_00_00_orange.png,11,0,0,orange,200,199,True,158.32000732421875,0.0,400,400
analog_11_00_00_simple.png,11,0,0,simple,200,200,False,,0.0,400,400
analog_11_00_00_sweet.png,11,0,0,sweet,200,200,True,154.48001098632812,0.0,400,400
analog_11_00_00_vue.png,11,0,0,vue,200,200,True,154.95999145507812,0.0,400,400
analog_11_00_00_wall.png,11,0,0,wall,200,200,True,126.76000213623047,0.0,400,400
analog_11_00_00_watch.png,11,0,0,watch,200,199,True,153.52000427246094,0.0,400,400
analog_11_14_41_3d.png,11,14,41,3d,199,200,True,153.8800048828125,0.0,400,400
analog_11_14_41_atc.png,11,14,41,atc,200,200,True,154.95999145507812,0.0,400,400
analog_11_14_41_design3.png,11,14,41,design3,200,200,True,148.1199951171875,0.0,400,400
analog_11_14_41_js30.png,11,14,41,js30,200,200,True,149.9199981689453,0.0,400,400
analog_11_14_41_orange.png,11,14,41,orange,200,199,True,158.32000732421875,0.0,400,400
analog_11_14_41_simple.png,11,14,41,simple,200,200,False,,0.0,400,400
analog_11_14_41_sweet.png,11,14,41,sweet,200,200,True,154.48001098632812,0.0,400,400
analog_11_14_41_vue.png,11,14,41,vue,200,200,True,154.95999145507812,0.0,400,400
analog_11_14_41_wall.png,11,14,41,wall,200,200,True,126.76000213623047,0.0,400,400
analog_11_14_41_watch.png,11,14,41,watch,200,199,True,153.52000427246094,0.0,400,400
analog_11_27_26_3d.png,11,27,26,3d,199,200,True,153.8800048828125,0.0,400,400
analog_11_27_26_atc.png,11,27,26,atc,200,200,True,154.95999145507812,0.0,400,400
analog_11_27_26_design3.png,11,27,26,design3,200,200,True,148.1199951171875,0.0,400,400
analog_11_27_26_js30.png,11,27,26,js30,200,200,True,149.9199981689453,0.0,400,400
analog_11_27_26_orange.png,11,27,26,orange,200,199,True,158.32000732421875,0.0,400,400
analog_11_27_26_simple.png,11,27,26,simple,200,200,False,,0.0,400,400
analog_11_27_26_sweet.png,11,27,26,sweet,200,200,True,154.48001098632812,0.0,400,400
analog_11_27_26_vue.png,11,27,26,vue,200,200,True,154.95999145507812,0.0,400,400
analog_11_27_26_wall.png,11,27,26,wall,200,200,True,126.76000213623047,0.0,400,400
analog_11_27_26_watch.png,11,27,26,watch,200,199,True,153.52000427246094,0.0,400,400
analog_11_34_27_3d.png,11,34,27,3d,199,200,True,153.8800048828125,0.0,400,400
analog_11_34_27_atc.png,11,34,27,atc,200,200,True,154.95999145507812,0.0,400,400
analog_11_34_27_design3.png,11,34,27,design3,200,200,True,148.1199951171875,0.0,400,400
analog_11_34_27_js30.png,11,34,27,js30,200,200,True,149.9199981689453,0.0,400,400
analog_11_34_27_orange.png,11,34,27,orange,200,199,True,158.32000732421875,0.0,400,400
analog_11_34_27_simple.png,11,34,27,simple,200,200,False,,0.0,400,400
analog_11_34_27_sweet.png,11,34,27,sweet,200,200,True,154.48001098632812,0.0,400,400
analog_11_34_27_vue.png,11,34,27,vue,200,200,True,154.95999145507812,0.0,400,400
analog_11_34_27_wall.png,11,34,27,wall,200,200,True,126.76000213623047,0.0,400,400
analog_11_34_27_watch.png,11,34,27,watch,200,199,True,153.52000427246094,0.0,400,400
analog_11_36_12_3d.png,11,36,12,3d,199,200,True,153.8800048828125,0.0,400,400
analog_11_36_12_atc.png,11,36,12,atc,200,200,True,154.95999145507812,0.0,400,400
analog_11_36_12_design3.png,11,36,12,design3,200,200,True,148.1199951171875,0.0,400,400
analog_11_36_12_js30.png,11,36,12,js30,200,200,True,149.9199981689453,0.0,400,400
analog_11_36_12_orange.png,11,36,12,orange,200,199,True,158.32000732421875,0.0,400,400
analog_11_36_12_simple.png,11,36,12,simple,200,200,False,,0.0,400,400
analog_11_36_12_sweet.png,11,36,12,sweet,200,200,True,154.48001098632812,0.0,400,400
analog_11_36_12_vue.png,11,36,12,vue,200,200,True,154.95999145507812,0.0,400,400
analog_11_36_12_wall.png,11,36,12,wall,200,200,True,126.76000213623047,0.0,400,400
analog_11_36_12_watch.png,11,36,12,watch,200,199,True,153.52000427246094,0.0,400,400
analog_11_37_35_3d.png,11,37,35,3d,199,200,True,153.8800048828125,0.0,400,400
analog_11_37_35_atc.png,11,37,35,atc,200,200,True,154.95999145507812,0.0,400,400
analog_11_37_35_design3.png,11,37,35,design3,200,200,True,148.1199951171875,0.0,400,400
analog_11_37_35_js30.png,11,37,35,js30,200,200,True,149.9199981689453,0.0,400,400
analog_11_37_35_orange.png,11,37,35,orange,200,199,True,158.32000732421875,0.0,400,400
analog_11_37_35_simple.png,11,37,35,simple,295,363,True,182.8000030517578,0.0,400,400
analog_11_37_35_sweet.png,11,37,35,sweet,200,200,True,154.48001098632812,0.0,400,400
analog_11_37_35_vue.png,11,37,35,vue,200,200,True,154.95999145507812,0.0,400,400
analog_11_37_35_wall.png,11,37,35,wall,200,200,True,126.76000213623047,0.0,400,400
analog_11_37_35_watch.png,11,37,35,watch,200,199,True,153.52000427246094,0.0,400,400
analog_11_38_16_3d.png,11,38,16,3d,199,200,True,153.8800048828125,0.0,400,400
analog_11_38_16_atc.png,11,38,16,atc,200,200,True,154.95999145507812,0.0,400,400
analog_11_38_16_design3.png,11,38,16,design3,200,200,True,148.1199951171875,0.0,400,400
analog_11_38_16_js30.png,11,38,16,js30,200,200,True,149.9199981689453,0.0,400,400
analog_11_38_16_orange.png,11,38,16,orange,200,199,True,158.32000732421875,0.0,400,400
analog_11_38_16_simple.png,11,38,16,simple,200,200,False,,0.0,400,400
analog_11_38_16_sweet.png,11,38,16,sweet,200,200,True,154.48001098632812,0.0,400,400
analog_11_38_16_vue.png,11,38,16,vue,200,200,True,154.95999145507812,0.0,400,400
analog_11_38_16_wall.png,11,38,16,wall,200,200,True,126.76000213623047,0.0,400,400
analog_11_38_16_watch.png,11,38,16,watch,200,199,True,153.52000427246094,0.0,400,400
analog_11_40_57_3d.png,11,40,57,3d,199,200,True,153.8800048828125,0.0,400,400
analog_11_40_57_atc.png,11,40,57,atc,200,200,True,154.95999145507812,0.0,400,400
analog_11_40_57_design3.png,11,40,57,design3,200,200,True,148.1199951171875,0.0,400,400
analog_11_40_57_js30.png,11,40,57,js30,200,200,True,149.9199981689453,0.0,400,400
analog_11_40_57_orange.png,11,40,57,orange,200,199,True,158.32000732421875,0.0,400,400
analog_11_40_57_simple.png,11,40,57,simple,200,200,False,,0.0,400,400
analog_11_40_57_sweet.png,11,40,57,sweet,200,200,True,154.48001098632812,0.0,400,400
analog_11_40_57_vue.png,11,40,57,vue,200,200,True,154.95999145507812,0.0,400,400
analog_11_40_57_wall.png,11,40,57,wall,200,200,True,126.76000213623047,0.0,400,400
analog_11_40_57_watch.png,11,40,57,watch,200,199,True,153.52000427246094,0.0,400,400
analog_11_41_32_3d.png,11,41,32,3d,199,200,True,153.8800048828125,0.0,400,400
analog_11_41_32_atc.png,11,41,32,atc,200,200,True,154.95999145507812,0.0,400,400
analog_11_41_32_design3.png,11,41,32,design3,200,200,True,148.1199951171875,0.0,400,400
analog_11_41_32_js30.png,11,41,32,js30,200,200,True,149.9199981689453,0.0,400,400
analog_11_41_32_orange.png,11,41,32,orange,200,199,True,158.32000732421875,0.0,400,400
analog_11_41_32_simple.png,11,41,32,simple,200,200,False,,0.0,400,400
analog_11_41_32_sweet.png,11,41,32,sweet,200,200,True,154.48001098632812,0.0,400,400
analog_11_41_32_vue.png,11,41,32,vue,200,200,True,154.95999145507812,0.0,400,400
analog_11_41_32_wall.png,11,41,32,wall,200,200,True,126.76000213623047,0.0,400,400
analog_11_41_32_watch.png,11,41,32,watch,200,199,True,153.52000427246094,0.0,400,400
analog_11_55_55_3d.png,11,55,55,3d,199,200,True,153.8800048828125,0.0,400,400
analog_11_55_55_atc.png,11,55,55,atc,200,200,True,154.95999145507812,0.0,400,400
analog_11_55_55_design3.png,11,55,55,design3,200,200,True,148.1199951171875,0.0,400,400
analog_11_55_55_js30.png,11,55,55,js30,200,200,True,149.9199981689453,0.0,400,400
analog_11_55_55_orange.png,11,55,55,orange,200,199,True,158.32000732421875,0.0,400,400
analog_11_55_55_simple.png,11,55,55,simple,200,200,False,,0.0,400,400
analog_11_55_55_sweet.png,11,55,55,sweet,200,200,True,154.48001098632812,0.0,400,400
analog_11_55_55_vue.png,11,55,55,vue,200,200,True,154.95999145507812,0.0,400,400
analog_11_55_55_wall.png,11,55,55,wall,200,200,True,126.76000213623047,0.0,400,400
analog_11_55_55_watch.png,11,55,55,watch,200,199,True,153.52000427246094,0.0,400,400
analog_11_56_04_3d.png,11,56,4,3d,199,200,True,153.8800048828125,0.0,400,400
analog_11_56_04_atc.png,11,56,4,atc,200,200,True,154.95999145507812,0.0,400,400
analog_11_56_04_design3.png,11,56,4,design3,200,200,True,148.1199951171875,0.0,400,400
analog_11_56_04_js30.png,11,56,4,js30,200,200,True,149.9199981689453,0.0,400,400
analog_11_56_04_orange.png,11,56,4,orange,200,199,True,158.32000732421875,0.0,400,400
analog_11_56_04_simple.png,11,56,4,simple,200,200,False,,0.0,400,400
analog_11_56_04_sweet.png,11,56,4,sweet,200,200,True,154.48001098632812,0.0,400,400
analog_11_56_04_vue.png,11,56,4,vue,200,200,True,154.95999145507812,0.0,400,400
analog_11_56_04_wall.png,11,56,4,wall,200,200,True,126.76000213623047,0.0,400,400
analog_11_56_04_watch.png,11,56,4,watch,200,199,True,153.52000427246094,0.0,400,400
analog_11_56_53_3d.png,11,56,53,3d,199,200,True,153.8800048828125,0.0,400,400
analog_11_56_53_atc.png,11,56,53,atc,200,200,True,154.95999145507812,0.0,400,400
analog_11_56_53_design3.png,11,56,53,design3,200,200,True,148.1199951171875,0.0,400,400
analog_11_56_53_js30.png,11,56,53,js30,200,200,True,149.9199981689453,0.0,400,400
analog_11_56_53_orange.png,11,56,53,orange,200,199,True,158.32000732421875,0.0,400,400
analog_11_56_53_simple.png,11,56,53,simple,40,245,True,152.0800018310547,0.0,400,400
analog_11_56_53_sweet.png,11,56,53,sweet,200,200,True,154.48001098632812,0.0,400,400
analog_11_56_53_vue.png,11,56,53,vue,200,200,True,154.95999145507812,0.0,400,400
analog_11_56_53_wall.png,11,56,53,wall,200,200,True,126.76000213623047,0.0,400,400
analog_11_56_53_watch.png,11,56,53,watch,200,199,True,153.52000427246094,0.0,400,400
analog_11_59_59_3d.png,11,59,59,3d,199,200,True,153.8800048828125,0.0,400,400
analog_11_59_59_atc.png,11,59,59,atc,200,200,True,154.95999145507812,0.0,400,400
analog_11_59_59_design3.png,11,59,59,design3,200,200,True,148.1199951171875,0.0,400,400
analog_11_59_59_js30.png,11,59,59,js30,200,200,True,149.9199981689453,0.0,400,400
analog_11_59_59_orange.png,11,59,59,orange,200,199,True,158.32000732421875,0.0,400,400
analog_11_59_59_simple.png,11,59,59,simple,200,200,False,,0.0,400,400
analog_11_59_59_sweet.png,11,59,59,sweet,200,200,True,154.48001098632812,0.0,400,400
analog_11_59_59_vue.png,11,59,59,vue,200,200,True,154.95999145507812,0.0,400,400
analog_11_59_59_wall.png,11,59,59,wall,200,200,True,126.76000213623047,0.0,400,400
analog_11_59_59_watch.png,11,59,59,watch,200,199,True,153.52000427246094,0.0,400,400
analog_12_00_00_3d.png,12,0,0,3d,199,200,True,153.8800048828125,0.0,400,400
analog_12_00_00_atc.png,12,0,0,atc,200,200,True,154.95999145507812,0.0,400,400
analog_12_00_00_design3.png,12,0,0,design3,200,200,True,148.1199951171875,0.0,400,400
analog_12_00_00_js30.png,12,0,0,js30,200,200,True,149.9199981689453,0.0,400,400
analog_12_00_00_orange.png,12,0,0,orange,200,199,True,158.32000732421875,0.0,400,400
analog_12_00_00_simple.png,12,0,0,simple,200,200,False,,0.0,400,400
analog_12_00_00_sweet.png,12,0,0,sweet,200,200,True,154.48001098632812,0.0,400,400
analog_12_00_00_vue.png,12,0,0,vue,200,200,True,154.95999145507812,0.0,400,400
analog_12_00_00_wall.png,12,0,0,wall,200,200,True,126.76000213623047,0.0,400,400
analog_12_00_00_watch.png,12,0,0,watch,200,199,True,153.52000427246094,0.0,400,400
analog_12_00_01_3d.png,12,0,1,3d,199,200,True,153.8800048828125,0.0,400,400
analog_12_00_01_atc.png,12,0,1,atc,200,200,True,154.95999145507812,0.0,400,400
analog_12_00_01_design3.png,12,0,1,design3,200,200,True,148.1199951171875,0.0,400,400
analog_12_00_01_js30.png,12,0,1,js30,200,200,True,149.9199981689453,0.0,400,400
analog_12_00_01_orange.png,12,0,1,orange,200,199,True,158.32000732421875,0.0,400,400
analog_12_00_01_simple.png,12,0,1,simple,200,200,False,,0.0,400,400
analog_12_00_01_sweet.png,12,0,1,sweet,200,200,True,154.48001098632812,0.0,400,400
analog_12_00_01_vue.png,12,0,1,vue,200,200,True,154.95999145507812,0.0,400,400
analog_12_00_01_wall.png,12,0,1,wall,200,200,True,126.76000213623047,0.0,400,400
analog_12_00_01_watch.png,12,0,1,watch,200,199,True,153.52000427246094,0.0,400,400
analog_12_05_35_3d.png,12,5,35,3d,199,200,True,153.8800048828125,0.0,400,400
analog_12_05_35_atc.png,12,5,35,atc,200,200,True,154.95999145507812,0.0,400,400
analog_12_05_35_design3.png,12,5,35,design3,200,200,True,148.1199951171875,0.0,400,400
analog_12_05_35_js30.png,12,5,35,js30,200,200,True,149.9199981689453,0.0,400,400
analog_12_05_35_orange.png,12,5,35,orange,200,199,True,158.32000732421875,0.0,400,400
analog_12_05_35_simple.png,12,5,35,simple,200,200,False,,0.0,400,400
analog_12_05_35_sweet.png,12,5,35,sweet,200,200,True,154.48001098632812,0.0,400,400
analog_12_05_35_vue.png,12,5,35,vue,200,200,True,154.95999145507812,0.0,400,400
analog_12_05_35_wall.png,12,5,35,wall,200,200,True,126.76000213623047,0.0,400,400
analog_12_05_35_watch.png,12,5,35,watch,200,199,True,153.52000427246094,0.0,400,400
analog_12_08_42_3d.png,12,8,42,3d,199,200,True,153.8800048828125,0.0,400,400
analog_12_08_42_atc.png,12,8,42,atc,200,200,True,154.95999145507812,0.0,400,400
analog_12_08_42_design3.png,12,8,42,design3,200,200,True,148.1199951171875,0.0,400,400
analog_12_08_42_js30.png,12,8,42,js30,200,200,True,149.9199981689453,0.0,400,400
analog_12_08_42_orange.png,12,8,42,orange,200,199,True,158.32000732421875,0.0,400,400
analog_12_08_42_simple.png,12,8,42,simple,200,200,False,,0.0,400,400
analog_12_08_42_sweet.png,12,8,42,sweet,200,200,True,154.48001098632812,0.0,400,400
analog_12_08_42_vue.png,12,8,42,vue,200,200,True,154.95999145507812,0.0,400,400
analog_12_08_42_wall.png,12,8,42,wall,200,200,True,126.76000213623047,0.0,400,400
analog_12_08_42_watch.png,12,8,42,watch,200,199,True,153.52000427246094,0.0,400,400
analog_12_16_59_3d.png,12,16,59,3d,199,200,True,153.8800048828125,0.0,400,400
analog_12_16_59_atc.png,12,16,59,atc,200,200,True,154.95999145507812,0.0,400,400
analog_12_16_59_design3.png,12,16,59,design3,200,200,True,148.1199951171875,0.0,400,400
analog_12_16_59_js30.png,12,16,59,js30,200,200,True,149.9199981689453,0.0,400,400
analog_12_16_59_orange.png,12,16,59,orange,200,199,True,158.32000732421875,0.0,400,400
analog_12_16_59_simple.png,12,16,59,simple,200,200,False,,0.0,400,400
analog_12_16_59_sweet.png,12,16,59,sweet,200,200,True,154.48001098632812,0.0,400,400
analog_12_16_59_vue.png,12,16,59,vue,200,200,True,154.95999145507812,0.0,400,400
analog_12_16_59_wall.png,12,16,59,wall,200,200,True,126.76000213623047,0.0,400,400
analog_12_16_59_watch.png,12,16,59,watch,200,199,True,153.52000427246094,0.0,400,400
analog_12_17_04_3d.png,12,17,4,3d,199,200,True,153.8800048828125,0.0,400,400
analog_12_17_04_atc.png,12,17,4,atc,200,200,True,154.95999145507812,0.0,400,400
analog_12_17_04_design3.png,12,17,4,design3,200,200,True,148.1199951171875,0.0,400,400
analog_12_17_04_js30.png,12,17,4,js30,200,200,True,149.9199981689453,0.0,400,400
analog_12_17_04_orange.png,12,17,4,orange,200,199,True,158.32000732421875,0.0,400,400
analog_12_17_04_simple.png,12,17,4,simple,200,200,False,,0.0,400,400
analog_12_17_04_sweet.png,12,17,4,sweet,200,200,True,154.48001098632812,0.0,400,400
analog_12_17_04_vue.png,12,17,4,vue,200,200,True,154.95999145507812,0.0,400,400
analog_12_17_04_wall.png,12,17,4,wall,200,200,True,126.76000213623047,0.0,400,400
analog_12_17_04_watch.png,12,17,4,watch,200,199,True,153.52000427246094,0.0,400,400
analog_12_17_29_3d.png,12,17,29,3d,199,200,True,153.8800048828125,0.0,400,400
analog_12_17_29_atc.png,12,17,29,atc,200,200,True,154.95999145507812,0.0,400,400
analog_12_17_29_design3.png,12,17,29,design3,200,200,True,148.1199951171875,0.0,400,400
analog_12_17_29_js30.png,12,17,29,js30,200,200,True,149.9199981689453,0.0,400,400
analog_12_17_29_orange.png,12,17,29,orange,200,199,True,158.32000732421875,0.0,400,400
analog_12_17_29_simple.png,12,17,29,simple,200,200,False,,0.0,400,400
analog_12_17_29_sweet.png,12,17,29,sweet,200,200,True,154.48001098632812,0.0,400,400
analog_12_17_29_vue.png,12,17,29,vue,200,200,True,154.95999145507812,0.0,400,400
analog_12_17_29_wall.png,12,17,29,wall,200,200,True,126.76000213623047,0.0,400,400
analog_12_17_29_watch.png,12,17,29,watch,200,199,True,153.52000427246094,0.0,400,400
analog_12_17_48_3d.png,12,17,48,3d,199,200,True,153.8800048828125,0.0,400,400
analog_12_17_48_atc.png,12,17,48,atc,200,200,True,154.95999145507812,0.0,400,400
analog_12_17_48_design3.png,12,17,48,design3,200,200,True,148.1199951171875,0.0,400,400
analog_12_17_48_js30.png,12,17,48,js30,200,200,True,149.9199981689453,0.0,400,400
analog_12_17_48_orange.png,12,17,48,orange,200,199,True,158.32000732421875,0.0,400,400
analog_12_17_48_simple.png,12,17,48,simple,200,200,False,,0.0,400,400
analog_12_17_48_sweet.png,12,17,48,sweet,200,200,True,154.48001098632812,0.0,400,400
analog_12_17_48_vue.png,12,17,48,vue,200,200,True,154.95999145507812,0.0,400,400
analog_12_17_48_wall.png,12,17,48,wall,200,200,True,126.76000213623047,0.0,400,400
analog_12_17_48_watch.png,12,17,48,watch,200,199,True,153.52000427246094,0.0,400,400
analog_12_21_42_3d.png,12,21,42,3d,199,200,True,153.8800048828125,0.0,400,400
analog_12_21_42_atc.png,12,21,42,atc,200,200,True,154.95999145507812,0.0,400,400
analog_12_21_42_design3.png,12,21,42,design3,200,200,True,148.1199951171875,0.0,400,400
analog_12_21_42_js30.png,12,21,42,js30,200,200,True,149.9199981689453,0.0,400,400
analog_12_21_42_orange.png,12,21,42,orange,200,199,True,158.32000732421875,0.0,400,400
analog_12_21_42_simple.png,12,21,42,simple,200,200,False,,0.0,400,400
analog_12_21_42_sweet.png,12,21,42,sweet,200,200,True,154.48001098632812,0.0,400,400
analog_12_21_42_vue.png,12,21,42,vue,200,200,True,154.95999145507812,0.0,400,400
analog_12_21_42_wall.png,12,21,42,wall,200,200,True,126.76000213623047,0.0,400,400
analog_12_21_42_watch.png,12,21,42,watch,200,199,True,153.52000427246094,0.0,400,400
analog_12_23_14_3d.png,12,23,14,3d,199,200,True,153.8800048828125,0.0,400,400
analog_12_23_14_atc.png,12,23,14,atc,200,200,True,154.95999145507812,0.0,400,400
analog_12_23_14_design3.png,12,23,14,design3,200,200,True,148.1199951171875,0.0,400,400
analog_12_23_14_js30.png,12,23,14,js30,200,200,True,149.9199981689453,0.0,400,400
analog_12_23_14_orange.png,12,23,14,orange,200,199,True,158.32000732421875,0.0,400,400
analog_12_23_14_simple.png,12,23,14,simple,200,200,False,,0.0,400,400
analog_12_23_14_sweet.png,12,23,14,sweet,200,200,True,154.48001098632812,0.0,400,400
analog_12_23_14_vue.png,12,23,14,vue,200,200,True,154.95999145507812,0.0,400,400
analog_12_23_14_wall.png,12,23,14,wall,200,200,True,126.76000213623047,0.0,400,400
analog_12_23_14_watch.png,12,23,14,watch,200,199,True,153.52000427246094,0.0,400,400
analog_12_24_38_3d.png,12,24,38,3d,199,200,True,153.8800048828125,0.0,400,400
analog_12_24_38_atc.png,12,24,38,atc,200,200,True,154.95999145507812,0.0,400,400
analog_12_24_38_design3.png,12,24,38,design3,200,200,True,148.1199951171875,0.0,400,400
analog_12_24_38_js30.png,12,24,38,js30,200,200,True,149.9199981689453,0.0,400,400
analog_12_24_38_orange.png,12,24,38,orange,200,199,True,158.32000732421875,0.0,400,400
analog_12_24_38_simple.png,12,24,38,simple,200,200,False,,0.0,400,400
analog_12_24_38_sweet.png,12,24,38,sweet,200,200,True,154.48001098632812,0.0,400,400
analog_12_24_38_vue.png,12,24,38,vue,200,200,True,154.95999145507812,0.0,400,400
analog_12_24_38_wall.png,12,24,38,wall,200,200,True,126.76000213623047,0.0,400,400
analog_12_24_38_watch.png,12,24,38,watch,200,199,True,153.52000427246094,0.0,400,400
analog_12_25_45_3d.png,12,25,45,3d,199,200,True,153.8800048828125,0.0,400,400
analog_12_25_45_atc.png,12,25,45,atc,200,200,True,154.95999145507812,0.0,400,400
analog_12_25_45_design3.png,12,25,45,design3,200,200,True,148.1199951171875,0.0,400,400
analog_12_25_45_js30.png,12,25,45,js30,200,200,True,149.9199981689453,0.0,400,400
analog_12_25_45_orange.png,12,25,45,orange,200,199,True,158.32000732421875,0.0,400,400
analog_12_25_45_simple.png,12,25,45,simple,200,200,False,,0.0,400,400
analog_12_25_45_sweet.png,12,25,45,sweet,200,200,True,154.48001098632812,0.0,400,400
analog_12_25_45_vue.png,12,25,45,vue,200,200,True,154.95999145507812,0.0,400,400
analog_12_25_45_wall.png,12,25,45,wall,200,200,True,126.76000213623047,0.0,400,400
analog_12_25_45_watch.png,12,25,45,watch,200,199,True,153.52000427246094,0.0,400,400
analog_12_30_00_3d.png,12,30,0,3d,199,200,True,153.8800048828125,0.0,400,400
analog_12_30_00_atc.png,12,30,0,atc,200,200,True,154.95999145507812,0.0,400,400
analog_12_30_00_design3.png,12,30,0,design3,200,200,True,148.1199951171875,0.0,400,400
analog_12_30_00_js30.png,12,30,0,js30,200,200,True,149.9199981689453,0.0,400,400
analog_12_30_00_orange.png,12,30,0,orange,200,199,True,158.32000732421875,0.0,400,400
analog_12_30_00_simple.png,12,30,0,simple,200,200,False,,0.0,400,400
analog_12_30_00_sweet.png,12,30,0,sweet,200,200,True,154.48001098632812,0.0,400,400
analog_12_30_00_vue.png,12,30,0,vue,200,200,True,154.95999145507812,0.0,400,400
analog_12_30_00_wall.png,12,30,0,wall,200,200,True,126.76000213623047,0.0,400,400
analog_12_30_00_watch.png,12,30,0,watch,200,199,True,153.52000427246094,0.0,400,400
analog_12_35_53_3d.png,12,35,53,3d,199,200,True,153.8800048828125,0.0,400,400
analog_12_35_53_atc.png,12,35,53,atc,200,200,True,154.95999145507812,0.0,400,400
analog_12_35_53_design3.png,12,35,53,design3,200,200,True,148.1199951171875,0.0,400,400
analog_12_35_53_js30.png,12,35,53,js30,200,200,True,149.9199981689453,0.0,400,400
analog_12_35_53_orange.png,12,35,53,orange,200,199,True,158.32000732421875,0.0,400,400
analog_12_35_53_simple.png,12,35,53,simple,200,200,False,,0.0,400,400
analog_12_35_53_sweet.png,12,35,53,sweet,200,200,True,154.48001098632812,0.0,400,400
analog_12_35_53_vue.png,12,35,53,vue,200,200,True,154.95999145507812,0.0,400,400
analog_12_35_53_wall.png,12,35,53,wall,200,200,True,126.76000213623047,0.0,400,400
analog_12_35_53_watch.png,12,35,53,watch,200,199,True,153.52000427246094,0.0,400,400
analog_12_37_36_3d.png,12,37,36,3d,199,200,True,153.8800048828125,0.0,400,400
analog_12_37_36_atc.png,12,37,36,atc,200,200,True,154.95999145507812,0.0,400,400
analog_12_37_36_design3.png,12,37,36,design3,200,200,True,148.1199951171875,0.0,400,400
analog_12_37_36_js30.png,12,37,36,js30,200,200,True,149.9199981689453,0.0,400,400
analog_12_37_36_orange.png,12,37,36,orange,200,199,True,158.32000732421875,0.0,400,400
analog_12_37_36_simple.png,12,37,36,simple,85,145,True,126.63999938964844,0.0,400,400
analog_12_37_36_sweet.png,12,37,36,sweet,200,200,True,154.48001098632812,0.0,400,400
analog_12_37_36_vue.png,12,37,36,vue,200,200,True,154.95999145507812,0.0,400,400
analog_12_37_36_wall.png,12,37,36,wall,200,200,True,126.76000213623047,0.0,400,400
analog_12_37_36_watch.png,12,37,36,watch,200,199,True,153.52000427246094,0.0,400,400
analog_12_43_53_3d.png,12,43,53,3d,199,200,True,153.8800048828125,0.0,400,400
analog_12_43_53_atc.png,12,43,53,atc,200,200,True,154.95999145507812,0.0,400,400
analog_12_43_53_design3.png,12,43,53,design3,200,200,True,148.1199951171875,0.0,400,400
analog_12_43_53_js30.png,12,43,53,js30,200,200,True,149.9199981689453,0.0,400,400
analog_12_43_53_orange.png,12,43,53,orange,200,199,True,158.32000732421875,0.0,400,400
analog_12_43_53_simple.png,12,43,53,simple,200,200,False,,0.0,400,400
analog_12_43_53_sweet.png,12,43,53,sweet,200,200,True,154.48001098632812,0.0,400,400
analog_12_43_53_vue.png,12,43,53,vue,200,200,True,154.95999145507812,0.0,400,400
analog_12_43_53_wall.png,12,43,53,wall,200,200,True,126.76000213623047,0.0,400,400
analog_12_43_53_watch.png,12,43,53,watch,200,199,True,153.52000427246094,0.0,400,400
analog_12_46_21_3d.png,12,46,21,3d,199,200,True,153.8800048828125,0.0,400,400
analog_12_46_21_atc.png,12,46,21,atc,200,200,True,154.95999145507812,0.0,400,400
analog_12_46_21_design3.png,12,46,21,design3,200,200,True,148.1199951171875,0.0,400,400
analog_12_46_21_js30.png,12,46,21,js30,200,200,True,149.9199981689453,0.0,400,400
analog_12_46_21_orange.png,12,46,21,orange,200,199,True,158.32000732421875,0.0,400,400
analog_12_46_21_simple.png,12,46,21,simple,200,200,False,,0.0,400,400
analog_12_46_21_sweet.png,12,46,21,sweet,200,200,True,154.48001098632812,0.0,400,400
analog_12_46_21_vue.png,12,46,21,vue,200,200,True,154.95999145507812,0.0,400,400
analog_12_46_21_wall.png,12,46,21,wall,200,200,True,126.76000213623047,0.0,400,400
analog_12_46_21_watch.png,12,46,21,watch,200,199,True,153.52000427246094,0.0,400,400
analog_12_54_57_3d.png,12,54,57,3d,199,200,True,153.8800048828125,0.0,400,400
analog_12_54_57_atc.png,12,54,57,atc,200,200,True,154.95999145507812,0.0,400,400
analog_12_54_57_design3.png,12,54,57,design3,200,200,True,148.1199951171875,0.0,400,400
analog_12_54_57_js30.png,12,54,57,js30,200,200,True,149.9199981689453,0.0,400,400
analog_12_54_57_orange.png,12,54,57,orange,200,199,True,158.32000732421875,0.0,400,400
analog_12_54_57_simple.png,12,54,57,simple,200,200,False,,0.0,400,400
analog_12_54_57_sweet.png,12,54,57,sweet,200,200,True,154.48001098632812,0.0,400,400
analog_12_54_57_vue.png,12,54,57,vue,200,200,True,154.95999145507812,0.0,400,400
analog_12_54_57_wall.png,12,54,57,wall,200,200,True,126.76000213623047,0.0,400,400
analog_12_54_57_watch.png,12,54,57,watch,200,199,True,153.52000427246094,0.0,400,400
analog_12_57_03_3d.png,12,57,3,3d,199,200,True,153.8800048828125,0.0,400,400
analog_12_57_03_atc.png,12,57,3,atc,200,200,True,154.95999145507812,0.0,400,400
analog_12_57_03_design3.png,12,57,3,design3,200,200,True,148.1199951171875,0.0,400,400
analog_12_57_03_js30.png,12,57,3,js30,200,200,True,149.9199981689453,0.0,400,400
analog_12_57_03_orange.png,12,57,3,orange,200,199,True,158.32000732421875,0.0,400,400
analog_12_57_03_simple.png,12,57,3,simple,200,200,False,,0.0,400,400
analog_12_57_03_sweet.png,12,57,3,sweet,200,200,True,154.48001098632812,0.0,400,400
analog_12_57_03_vue.png,12,57,3,vue,200,200,True,154.95999145507812,0.0,400,400
analog_12_57_03_wall.png,12,57,3,wall,200,200,True,126.76000213623047,0.0,400,400
analog_12_57_03_watch.png,12,57,3,watch,200,199,True,153.52000427246094,0.0,400,400
analog_13_00_00_3d.png,13,0,0,3d,199,200,True,153.8800048828125,0.0,400,400
analog_13_00_00_atc.png,13,0,0,atc,200,200,True,154.95999145507812,0.0,400,400
analog_13_00_00_design3.png,13,0,0,design3,200,200,True,148.1199951171875,0.0,400,400
analog_13_00_00_js30.png,13,0,0,js30,200,200,True,149.9199981689453,0.0,400,400
analog_13_00_00_orange.png,13,0,0,orange,200,199,True,158.32000732421875,0.0,400,400
analog_13_00_00_simple.png,13,0,0,simple,200,200,False,,0.0,400,400
analog_13_00_00_sweet.png,13,0,0,sweet,200,200,True,154.48001098632812,0.0,400,400
analog_13_00_00_vue.png,13,0,0,vue,200,200,True,154.95999145507812,0.0,400,400
analog_13_00_00_wall.png,13,0,0,wall,200,200,True,126.76000213623047,0.0,400,400
analog_13_00_00_watch.png,13,0,0,watch,200,199,True,153.52000427246094,0.0,400,400
analog_13_02_01_3d.png,13,2,1,3d,199,200,True,153.8800048828125,0.0,400,400
analog_13_02_01_atc.png,13,2,1,atc,200,200,True,154.95999145507812,0.0,400,400
analog_13_02_01_design3.png,13,2,1,design3,200,200,True,148.1199951171875,0.0,400,400
analog_13_02_01_js30.png,13,2,1,js30,200,200,True,149.9199981689453,0.0,400,400
analog_13_02_01_orange.png,13,2,1,orange,200,199,True,158.32000732421875,0.0,400,400
analog_13_02_01_simple.png,13,2,1,simple,200,200,False,,0.0,400,400
analog_13_02_01_sweet.png,13,2,1,sweet,200,200,True,154.48001098632812,0.0,400,400
analog_13_02_01_vue.png,13,2,1,vue,200,200,True,154.95999145507812,0.0,400,400
analog_13_02_01_wall.png,13,2,1,wall,200,200,True,126.76000213623047,0.0,400,400
analog_13_02_01_watch.png,13,2,1,watch,200,199,True,153.52000427246094,0.0,400,400
analog_13_03_13_3d.png,13,3,13,3d,199,200,True,153.8800048828125,0.0,400,400
analog_13_03_13_atc.png,13,3,13,atc,200,200,True,154.95999145507812,0.0,400,400
analog_13_03_13_design3.png,13,3,13,design3,200,200,True,148.1199951171875,0.0,400,400
analog_13_03_13_js30.png,13,3,13,js30,200,200,True,149.9199981689453,0.0,400,400
analog_13_03_13_orange.png,13,3,13,orange,200,199,True,158.32000732421875,0.0,400,400
analog_13_03_13_simple.png,13,3,13,simple,200,200,False,,0.0,400,400
analog_13_03_13_sweet.png,13,3,13,sweet,200,200,True,154.48001098632812,0.0,400,400
analog_13_03_13_vue.png,13,3,13,vue,200,200,True,154.95999145507812,0.0,400,400
analog_13_03_13_wall.png,13,3,13,wall,200,200,True,126.76000213623047,0.0,400,400
analog_13_03_13_watch.png,13,3,13,watch,200,199,True,153.52000427246094,0.0,400,400
analog_13_10_29_3d.png,13,10,29,3d,199,200,True,153.8800048828125,0.0,400,400
analog_13_10_29_atc.png,13,10,29,atc,200,200,True,154.95999145507812,0.0,400,400
analog_13_10_29_design3.png,13,10,29,design3,200,200,True,148.1199951171875,0.0,400,400
analog_13_10_29_js30.png,13,10,29,js30,200,200,True,149.9199981689453,0.0,400,400
analog_13_10_29_orange.png,13,10,29,orange,200,199,True,158.32000732421875,0.0,400,400
analog_13_10_29_simple.png,13,10,29,simple,344,255,True,149.9199981689453,0.0,400,400
analog_13_10_29_sweet.png,13,10,29,sweet,200,200,True,154.48001098632812,0.0,400,400
analog_13_10_29_vue.png,13,10,29,vue,200,200,True,154.95999145507812,0.0,400,400
analog_13_10_29_wall.png,13,10,29,wall,200,200,True,126.76000213623047,0.0,400,400
analog_13_10_29_watch.png,13,10,29,watch,200,199,True,153.52000427246094,0.0,400,400
analog_13_11_46_3d.png,13,11,46,3d,199,200,True,153.8800048828125,0.0,400,400
analog_13_11_46_atc.png,13,11,46,atc,200,200,True,154.95999145507812,0.0,400,400
analog_13_11_46_design3.png,13,11,46,design3,200,200,True,148.1199951171875,0.0,400,400
analog_13_11_46_js30.png,13,11,46,js30,200,200,True,149.9199981689453,0.0,400,400
analog_13_11_46_orange.png,13,11,46,orange,200,199,True,158.32000732421875,0.0,400,400
analog_13_11_46_simple.png,13,11,46,simple,200,200,False,,0.0,400,400
analog_13_11_46_sweet.png,13,11,46,sweet,200,200,True,154.48001098632812,0.0,400,400
analog_13_11_46_vue.png,13,11,46,vue,200,200,True,154.95999145507812,0.0,400,400
analog_13_11_46_wall.png,13,11,46,wall,200,200,True,126.76000213623047,0.0,400,400
analog_13_11_46_watch.png,13,11,46,watch,200,199,True,153.52000427246094,0.0,400,400
analog_13_12_06_3d.png,13,12,6,3d,199,200,True,153.8800048828125,0.0,400,400
analog_13_12_06_atc.png,13,12,6,atc,200,200,True,154.95999145507812,0.0,400,400
analog_13_12_06_design3.png,13,12,6,design3,200,200,True,148.1199951171875,0.0,400,400
analog_13_12_06_js30.png,13,12,6,js30,200,200,True,149.9199981689453,0.0,400,400
analog_13_12_06_orange.png,13,12,6,orange,200,199,True,158.32000732421875,0.0,400,400
analog_13_12_06_simple.png,13,12,6,simple,329,257,True,138.8800048828125,0.0,400,400
analog_13_12_06_sweet.png,13,12,6,sweet,200,200,True,154.48001098632812,0.0,400,400
analog_13_12_06_vue.png,13,12,6,vue,200,200,True,154.95999145507812,0.0,400,400
analog_13_12_06_wall.png,13,12,6,wall,200,200,True,126.76000213623047,0.0,400,400
analog_13_12_06_watch.png,13,12,6,watch,200,199,True,153.52000427246094,0.0,400,400
analog_13_13_59_3d.png,13,13,59,3d,199,200,True,153.8800048828125,0.0,400,400
analog_13_13_59_atc.png,13,13,59,atc,200,200,True,154.95999145507812,0.0,400,400
analog_13_13_59_design3.png,13,13,59,design3,200,200,True,148.1199951171875,0.0,400,400
analog_13_13_59_js30.png,13,13,59,js30,200,200,True,149.9199981689453,0.0,400,400
analog_13_13_59_orange.png,13,13,59,orange,200,199,True,158.32000732421875,0.0,400,400
analog_13_13_59_simple.png,13,13,59,simple,200,200,False,,0.0,400,400
analog_13_13_59_sweet.png,13,13,59,sweet,200,200,True,154.48001098632812,0.0,400,400
analog_13_13_59_vue.png,13,13,59,vue,200,200,True,154.95999145507812,0.0,400,400
analog_13_13_59_wall.png,13,13,59,wall,200,200,True,126.76000213623047,0.0,400,400
analog_13_13_59_watch.png,13,13,59,watch,200,199,True,153.52000427246094,0.0,400,400
analog_13_14_28_3d.png,13,14,28,3d,199,200,True,153.8800048828125,0.0,400,400
analog_13_14_28_atc.png,13,14,28,atc,200,200,True,154.95999145507812,0.0,400,400
analog_13_14_28_design3.png,13,14,28,design3,200,200,True,148.1199951171875,0.0,400,400
analog_13_14_28_js30.png,13,14,28,js30,200,200,True,149.9199981689453,0.0,400,400
analog_13_14_28_orange.png,13,14,28,orange,200,199,True,158.32000732421875,0.0,400,400
analog_13_14_28_simple.png,13,14,28,simple,200,200,False,,0.0,400,400
analog_13_14_28_sweet.png,13,14,28,sweet,200,200,True,154.48001098632812,0.0,400,400
analog_13_14_28_vue.png,13,14,28,vue,200,200,True,154.95999145507812,0.0,400,400
analog_13_14_28_wall.png,13,14,28,wall,200,200,True,126.76000213623047,0.0,400,400
analog_13_14_28_watch.png,13,14,28,watch,200,199,True,153.52000427246094,0.0,400,400
analog_13_15_00_3d.png,13,15,0,3d,199,200,True,153.8800048828125,0.0,400,400
analog_13_15_00_atc.png,13,15,0,atc,200,200,True,154.95999145507812,0.0,400,400
analog_13_15_00_design3.png,13,15,0,design3,200,200,True,148.1199951171875,0.0,400,400
analog_13_15_00_js30.png,13,15,0,js30,200,200,True,149.9199981689453,0.0,400,400
analog_13_15_00_orange.png,13,15,0,orange,200,199,True,158.32000732421875,0.0,400,400
analog_13_15_00_simple.png,13,15,0,simple,200,200,False,,0.0,400,400
analog_13_15_00_sweet.png,13,15,0,sweet,200,200,True,154.48001098632812,0.0,400,400
analog_13_15_00_vue.png,13,15,0,vue,200,200,True,154.95999145507812,0.0,400,400
analog_13_15_00_wall.png,13,15,0,wall,200,200,True,126.76000213623047,0.0,400,400
analog_13_15_00_watch.png,13,15,0,watch,200,199,True,153.52000427246094,0.0,400,400
analog_13_16_53_3d.png,13,16,53,3d,199,200,True,153.8800048828125,0.0,400,400
analog_13_16_53_atc.png,13,16,53,atc,200,200,True,154.95999145507812,0.0,400,400
analog_13_16_53_design3.png,13,16,53,design3,200,200,True,148.1199951171875,0.0,400,400
analog_13_16_53_js30.png,13,16,53,js30,200,200,True,149.9199981689453,0.0,400,400
analog_13_16_53_orange.png,13,16,53,orange,200,199,True,158.32000732421875,0.0,400,400
analog_13_16_53_simple.png,13,16,53,simple,200,200,False,,0.0,400,400
analog_13_16_53_sweet.png,13,16,53,sweet,200,200,True,154.48001098632812,0.0,400,400
analog_13_16_53_vue.png,13,16,53,vue,200,200,True,154.95999145507812,0.0,400,400
analog_13_16_53_wall.png,13,16,53,wall,200,200,True,126.76000213623047,0.0,400,400
analog_13_16_53_watch.png,13,16,53,watch,200,199,True,153.52000427246094,0.0,400,400
analog_13_20_25_3d.png,13,20,25,3d,199,200,True,153.8800048828125,0.0,400,400
analog_13_20_25_atc.png,13,20,25,atc,200,200,True,154.95999145507812,0.0,400,400
analog_13_20_25_design3.png,13,20,25,design3,200,200,True,148.1199951171875,0.0,400,400
analog_13_20_25_js30.png,13,20,25,js30,200,200,True,149.9199981689453,0.0,400,400
analog_13_20_25_orange.png,13,20,25,orange,200,199,True,158.32000732421875,0.0,400,400
analog_13_20_25_simple.png,13,20,25,simple,200,200,False,,0.0,400,400
analog_13_20_25_sweet.png,13,20,25,sweet,200,200,True,154.48001098632812,0.0,400,400
analog_13_20_25_vue.png,13,20,25,vue,200,200,True,154.95999145507812,0.0,400,400
analog_13_20_25_wall.png,13,20,25,wall,200,200,True,126.76000213623047,0.0,400,400
analog_13_20_25_watch.png,13,20,25,watch,200,199,True,153.52000427246094,0.0,400,400
analog_13_22_46_3d.png,13,22,46,3d,199,200,True,153.8800048828125,0.0,400,400
analog_13_22_46_atc.png,13,22,46,atc,200,200,True,154.95999145507812,0.0,400,400
analog_13_22_46_design3.png,13,22,46,design3,200,200,True,148.1199951171875,0.0,400,400
analog_13_22_46_js30.png,13,22,46,js30,200,200,True,149.9199981689453,0.0,400,400
analog_13_22_46_orange.png,13,22,46,orange,200,199,True,158.32000732421875,0.0,400,400
analog_13_22_46_simple.png,13,22,46,simple,200,200,False,,0.0,400,400
analog_13_22_46_sweet.png,13,22,46,sweet,200,200,True,154.48001098632812,0.0,400,400
analog_13_22_46_vue.png,13,22,46,vue,200,200,True,154.95999145507812,0.0,400,400
analog_13_22_46_wall.png,13,22,46,wall,200,200,True,126.76000213623047,0.0,400,400
analog_13_22_46_watch.png,13,22,46,watch,200,199,True,153.52000427246094,0.0,400,400
analog_13_24_57_3d.png,13,24,57,3d,199,200,True,153.8800048828125,0.0,400,400
analog_13_24_57_atc.png,13,24,57,atc,200,200,True,154.95999145507812,0.0,400,400
analog_13_24_57_design3.png,13,24,57,design3,200,200,True,148.1199951171875,0.0,400,400
analog_13_24_57_js30.png,13,24,57,js30,200,200,True,149.9199981689453,0.0,400,400
analog_13_24_57_orange.png,13,24,57,orange,200,199,True,158.32000732421875,0.0,400,400
analog_13_24_57_simple.png,13,24,57,simple,200,200,False,,0.0,400,400
analog_13_24_57_sweet.png,13,24,57,sweet,200,200,True,154.48001098632812,0.0,400,400
analog_13_24_57_vue.png,13,24,57,vue,200,200,True,154.95999145507812,0.0,400,400
analog_13_24_57_wall.png,13,24,57,wall,200,200,True,126.76000213623047,0.0,400,400
analog_13_24_57_watch.png,13,24,57,watch,200,199,True,153.52000427246094,0.0,400,400
analog_13_31_01_3d.png,13,31,1,3d,199,200,True,153.8800048828125,0.0,400,400
analog_13_31_01_atc.png,13,31,1,atc,200,200,True,154.95999145507812,0.0,400,400
analog_13_31_01_design3.png,13,31,1,design3,200,200,True,148.1199951171875,0.0,400,400
analog_13_31_01_js30.png,13,31,1,js30,200,200,True,149.9199981689453,0.0,400,400
analog_13_31_01_orange.png,13,31,1,orange,200,199,True,158.32000732421875,0.0,400,400
analog_13_31_01_simple.png,13,31,1,simple,200,200,False,,0.0,400,400
analog_13_31_01_sweet.png,13,31,1,sweet,200,200,True,154.48001098632812,0.0,400,400
analog_13_31_01_vue.png,13,31,1,vue,200,200,True,154.95999145507812,0.0,400,400
analog_13_31_01_wall.png,13,31,1,wall,200,200,True,126.76000213623047,0.0,400,400
analog_13_31_01_watch.png,13,31,1,watch,200,199,True,153.52000427246094,0.0,400,400
analog_13_34_47_3d.png,13,34,47,3d,199,200,True,153.8800048828125,0.0,400,400
analog_13_34_47_atc.png,13,34,47,atc,200,200,True,154.95999145507812,0.0,400,400
analog_13_34_47_design3.png,13,34,47,design3,200,200,True,148.1199951171875,0.0,400,400
analog_13_34_47_js30.png,13,34,47,js30,200,200,True,149.9199981689453,0.0,400,400
analog_13_34_47_orange.png,13,34,47,orange,200,199,True,158.32000732421875,0.0,400,400
analog_13_34_47_simple.png,13,34,47,simple,200,200,False,,0.0,400,400
analog_13_34_47_sweet.png,13,34,47,sweet,200,200,True,154.48001098632812,0.0,400,400
analog_13_34_47_vue.png,13,34,47,vue,200,200,True,154.95999145507812,0.0,400,400
analog_13_34_47_wall.png,13,34,47,wall,200,200,True,126.76000213623047,0.0,400,400
analog_13_34_47_watch.png,13,34,47,watch,200,199,True,153.52000427246094,0.0,400,400
analog_13_38_04_3d.png,13,38,4,3d,199,200,True,153.8800048828125,0.0,400,400
analog_13_38_04_atc.png,13,38,4,atc,200,200,True,154.95999145507812,0.0,400,400
analog_13_38_04_design3.png,13,38,4,design3,200,200,True,148.1199951171875,0.0,400,400
analog_13_38_04_js30.png,13,38,4,js30,200,200,True,149.9199981689453,0.0,400,400
analog_13_38_04_orange.png,13,38,4,orange,200,199,True,158.32000732421875,0.0,400,400
analog_13_38_04_simple.png,13,38,4,simple,38,91,True,192.39999389648438,0.0,400,400
analog_13_38_04_sweet.png,13,38,4,sweet,200,200,True,154.48001098632812,0.0,400,400
analog_13_38_04_vue.png,13,38,4,vue,200,200,True,154.95999145507812,0.0,400,400
analog_13_38_04_wall.png,13,38,4,wall,200,200,True,126.76000213623047,0.0,400,400
analog_13_38_04_watch.png,13,38,4,watch,200,199,True,153.52000427246094,0.0,400,400
analog_13_39_47_3d.png,13,39,47,3d,199,200,True,153.8800048828125,0.0,400,400
analog_13_39_47_atc.png,13,39,47,atc,200,200,True,154.95999145507812,0.0,400,400
analog_13_39_47_design3.png,13,39,47,design3,200,200,True,148.1199951171875,0.0,400,400
analog_13_39_47_js30.png,13,39,47,js30,200,200,True,149.9199981689453,0.0,400,400
analog_13_39_47_orange.png,13,39,47,orange,200,199,True,158.32000732421875,0.0,400,400
analog_13_39_47_simple.png,13,39,47,simple,200,200,False,,0.0,400,400
analog_13_39_47_sweet.png,13,39,47,sweet,200,200,True,154.48001098632812,0.0,400,400
analog_13_39_47_vue.png,13,39,47,vue,200,200,True,154.95999145507812,0.0,400,400
analog_13_39_47_wall.png,13,39,47,wall,200,200,True,126.76000213623047,0.0,400,400
analog_13_39_47_watch.png,13,39,47,watch,200,199,True,153.52000427246094,0.0,400,400
analog_13_51_42_3d.png,13,51,42,3d,199,200,True,153.8800048828125,0.0,400,400
analog_13_51_42_atc.png,13,51,42,atc,200,200,True,154.95999145507812,0.0,400,400
analog_13_51_42_design3.png,13,51,42,design3,200,200,True,148.1199951171875,0.0,400,400
analog_13_51_42_js30.png,13,51,42,js30,200,200,True,149.9199981689453,0.0,400,400
analog_13_51_42_orange.png,13,51,42,orange,200,199,True,158.32000732421875,0.0,400,400
analog_13_51_42_simple.png,13,51,42,simple,200,200,False,,0.0,400,400
analog_13_51_42_sweet.png,13,51,42,sweet,200,200,True,154.48001098632812,0.0,400,400
analog_13_51_42_vue.png,13,51,42,vue,200,200,True,154.95999145507812,0.0,400,400
analog_13_51_42_wall.png,13,51,42,wall,200,200,True,126.76000213623047,0.0,400,400
analog_13_51_42_watch.png,13,51,42,watch,200,199,True,153.52000427246094,0.0,400,400
analog_13_53_17_3d.png,13,53,17,3d,199,200,True,153.8800048828125,0.0,400,400
analog_13_53_17_atc.png,13,53,17,atc,200,200,True,154.95999145507812,0.0,400,400
analog_13_53_17_design3.png,13,53,17,design3,200,200,True,148.1199951171875,0.0,400,400
analog_13_53_17_js30.png,13,53,17,js30,200,200,True,149.9199981689453,0.0,400,400
analog_13_53_17_orange.png,13,53,17,orange,200,199,True,158.32000732421875,0.0,400,400
analog_13_53_17_simple.png,13,53,17,simple,200,200,False,,0.0,400,400
analog_13_53_17_sweet.png,13,53,17,sweet,200,200,True,154.48001098632812,0.0,400,400
analog_13_53_17_vue.png,13,53,17,vue,200,200,True,154.95999145507812,0.0,400,400
analog_13_53_17_wall.png,13,53,17,wall,200,200,True,126.76000213623047,0.0,400,400
analog_13_53_17_watch.png,13,53,17,watch,200,199,True,153.52000427246094,0.0,400,400
analog_13_53_58_3d.png,13,53,58,3d,199,200,True,153.8800048828125,0.0,400,400
analog_13_53_58_atc.png,13,53,58,atc,200,200,True,154.95999145507812,0.0,400,400
analog_13_53_58_design3.png,13,53,58,design3,200,200,True,148.1199951171875,0.0,400,400
analog_13_53_58_js30.png,13,53,58,js30,200,200,True,149.9199981689453,0.0,400,400
analog_13_53_58_orange.png,13,53,58,orange,200,199,True,158.32000732421875,0.0,400,400
analog_13_53_58_simple.png,13,53,58,simple,200,200,False,,0.0,400,400
analog_13_53_58_sweet.png,13,53,58,sweet,200,200,True,154.48001098632812,0.0,400,400
analog_13_53_58_vue.png,13,53,58,vue,200,200,True,154.95999145507812,0.0,400,400
analog_13_53_58_wall.png,13,53,58,wall,200,200,True,126.76000213623047,0.0,400,400
analog_13_53_58_watch.png,13,53,58,watch,200,199,True,153.52000427246094,0.0,400,400
analog_13_57_37_3d.png,13,57,37,3d,199,200,True,153.8800048828125,0.0,400,400
analog_13_57_37_atc.png,13,57,37,atc,200,200,True,154.95999145507812,0.0,400,400
analog_13_57_37_design3.png,13,57,37,design3,200,200,True,148.1199951171875,0.0,400,400
analog_13_57_37_js30.png,13,57,37,js30,200,200,True,149.9199981689453,0.0,400,400
analog_13_57_37_orange.png,13,57,37,orange,200,199,True,158.32000732421875,0.0,400,400
analog_13_57_37_simple.png,13,57,37,simple,39,77,True,203.32000732421875,0.0,400,400
analog_13_57_37_sweet.png,13,57,37,sweet,200,200,True,154.48001098632812,0.0,400,400
analog_13_57_37_vue.png,13,57,37,vue,200,200,True,154.95999145507812,0.0,400,400
analog_13_57_37_wall.png,13,57,37,wall,200,200,True,126.76000213623047,0.0,400,400
analog_13_57_37_watch.png,13,57,37,watch,200,199,True,153.52000427246094,0.0,400,400
analog_14_00_00_3d.png,14,0,0,3d,199,200,True,153.8800048828125,0.0,400,400
analog_14_00_00_atc.png,14,0,0,atc,200,200,True,154.95999145507812,0.0,400,400
analog_14_00_00_design3.png,14,0,0,design3,200,200,True,148.1199951171875,0.0,400,400
analog_14_00_00_js30.png,14,0,0,js30,200,200,True,149.9199981689453,0.0,400,400
analog_14_00_00_orange.png,14,0,0,orange,200,199,True,158.32000732421875,0.0,400,400
analog_14_00_00_simple.png,14,0,0,simple,200,200,False,,0.0,400,400
analog_14_00_00_sweet.png,14,0,0,sweet,200,200,True,154.48001098632812,0.0,400,400
analog_14_00_00_vue.png,14,0,0,vue,200,200,True,154.95999145507812,0.0,400,400
analog_14_00_00_wall.png,14,0,0,wall,200,200,True,126.76000213623047,0.0,400,400
analog_14_00_00_watch.png,14,0,0,watch,200,199,True,153.52000427246094,0.0,400,400
analog_14_11_03_3d.png,14,11,3,3d,199,200,True,153.8800048828125,0.0,400,400
analog_14_11_03_atc.png,14,11,3,atc,200,200,True,154.95999145507812,0.0,400,400
analog_14_11_03_design3.png,14,11,3,design3,200,200,True,148.1199951171875,0.0,400,400
analog_14_11_03_js30.png,14,11,3,js30,200,200,True,149.9199981689453,0.0,400,400
analog_14_11_03_orange.png,14,11,3,orange,200,199,True,158.32000732421875,0.0,400,400
analog_14_11_03_simple.png,14,11,3,simple,200,200,False,,0.0,400,400
analog_14_11_03_sweet.png,14,11,3,sweet,200,200,True,154.48001098632812,0.0,400,400
analog_14_11_03_vue.png,14,11,3,vue,200,200,True,154.95999145507812,0.0,400,400
analog_14_11_03_wall.png,14,11,3,wall,200,200,True,126.76000213623047,0.0,400,400
analog_14_11_03_watch.png,14,11,3,watch,200,199,True,153.52000427246094,0.0,400,400
analog_14_15_48_3d.png,14,15,48,3d,199,200,True,153.8800048828125,0.0,400,400
analog_14_15_48_atc.png,14,15,48,atc,200,200,True,154.95999145507812,0.0,400,400
analog_14_15_48_design3.png,14,15,48,design3,200,200,True,148.1199951171875,0.0,400,400
analog_14_15_48_js30.png,14,15,48,js30,200,200,True,149.9199981689453,0.0,400,400
analog_14_15_48_orange.png,14,15,48,orange,200,199,True,158.32000732421875,0.0,400,400
analog_14_15_48_simple.png,14,15,48,simple,200,200,False,,0.0,400,400
analog_14_15_48_sweet.png,14,15,48,sweet,200,200,True,154.48001098632812,0.0,400,400
analog_14_15_48_vue.png,14,15,48,vue,200,200,True,154.95999145507812,0.0,400,400
analog_14_15_48_wall.png,14,15,48,wall,200,200,True,126.76000213623047,0.0,400,400
analog_14_15_48_watch.png,14,15,48,watch,200,199,True,153.52000427246094,0.0,400,400
analog_14_18_27_3d.png,14,18,27,3d,199,200,True,153.8800048828125,0.0,400,400
analog_14_18_27_atc.png,14,18,27,atc,200,200,True,154.95999145507812,0.0,400,400
analog_14_18_27_design3.png,14,18,27,design3,200,200,True,148.1199951171875,0.0,400,400
analog_14_18_27_js30.png,14,18,27,js30,200,200,True,149.9199981689453,0.0,400,400
analog_14_18_27_orange.png,14,18,27,orange,200,199,True,158.32000732421875,0.0,400,400
analog_14_18_27_simple.png,14,18,27,simple,200,200,False,,0.0,400,400
analog_14_18_27_sweet.png,14,18,27,sweet,200,200,True,154.48001098632812,0.0,400,400
analog_14_18_27_vue.png,14,18,27,vue,200,200,True,154.95999145507812,0.0,400,400
analog_14_18_27_wall.png,14,18,27,wall,200,200,True,126.76000213623047,0.0,400,400
analog_14_18_27_watch.png,14,18,27,watch,200,199,True,153.52000427246094,0.0,400,400
analog_14_22_19_3d.png,14,22,19,3d,199,200,True,153.8800048828125,0.0,400,400
analog_14_22_19_atc.png,14,22,19,atc,200,200,True,154.95999145507812,0.0,400,400
analog_14_22_19_design3.png,14,22,19,design3,200,200,True,148.1199951171875,0.0,400,400
analog_14_22_19_js30.png,14,22,19,js30,200,200,True,149.9199981689453,0.0,400,400
analog_14_22_19_orange.png,14,22,19,orange,200,199,True,158.32000732421875,0.0,400,400
analog_14_22_19_simple.png,14,22,19,simple,200,200,False,,0.0,400,400
analog_14_22_19_sweet.png,14,22,19,sweet,200,200,True,154.48001098632812,0.0,400,400
analog_14_22_19_vue.png,14,22,19,vue,200,200,True,154.95999145507812,0.0,400,400
analog_14_22_19_wall.png,14,22,19,wall,200,200,True,126.76000213623047,0.0,400,400
analog_14_22_19_watch.png,14,22,19,watch,200,199,True,153.52000427246094,0.0,400,400
analog_14_24_17_3d.png,14,24,17,3d,199,200,True,153.8800048828125,0.0,400,400
analog_14_24_17_atc.png,14,24,17,atc,200,200,True,154.95999145507812,0.0,400,400
analog_14_24_17_design3.png,14,24,17,design3,200,200,True,148.1199951171875,0.0,400,400
analog_14_24_17_js30.png,14,24,17,js30,200,200,True,149.9199981689453,0.0,400,400
analog_14_24_17_orange.png,14,24,17,orange,200,199,True,158.32000732421875,0.0,400,400
analog_14_24_17_simple.png,14,24,17,simple,200,200,False,,0.0,400,400
analog_14_24_17_sweet.png,14,24,17,sweet,200,200,True,154.48001098632812,0.0,400,400
analog_14_24_17_vue.png,14,24,17,vue,200,200,True,154.95999145507812,0.0,400,400
analog_14_24_17_wall.png,14,24,17,wall,200,200,True,126.76000213623047,0.0,400,400
analog_14_24_17_watch.png,14,24,17,watch,200,199,True,153.52000427246094,0.0,400,400
analog_14_27_52_3d.png,14,27,52,3d,199,200,True,153.8800048828125,0.0,400,400
analog_14_27_52_atc.png,14,27,52,atc,200,200,True,154.95999145507812,0.0,400,400
analog_14_27_52_design3.png,14,27,52,design3,200,200,True,148.1199951171875,0.0,400,400
analog_14_27_52_js30.png,14,27,52,js30,200,200,True,149.9199981689453,0.0,400,400
analog_14_27_52_orange.png,14,27,52,orange,200,199,True,158.32000732421875,0.0,400,400
analog_14_27_52_simple.png,14,27,52,simple,200,200,False,,0.0,400,400
analog_14_27_52_sweet.png,14,27,52,sweet,200,200,True,154.48001098632812,0.0,400,400
analog_14_27_52_vue.png,14,27,52,vue,200,200,True,154.95999145507812,0.0,400,400
analog_14_27_52_wall.png,14,27,52,wall,200,200,True,126.76000213623047,0.0,400,400
analog_14_27_52_watch.png,14,27,52,watch,200,199,True,153.52000427246094,0.0,400,400
analog_14_33_16_3d.png,14,33,16,3d,199,200,True,153.8800048828125,0.0,400,400
analog_14_33_16_atc.png,14,33,16,atc,200,200,True,154.95999145507812,0.0,400,400
analog_14_33_16_design3.png,14,33,16,design3,200,200,True,148.1199951171875,0.0,400,400
analog_14_33_16_js30.png,14,33,16,js30,200,200,True,149.9199981689453,0.0,400,400
analog_14_33_16_orange.png,14,33,16,orange,200,199,True,158.32000732421875,0.0,400,400
analog_14_33_16_simple.png,14,33,16,simple,200,200,False,,0.0,400,400
analog_14_33_16_sweet.png,14,33,16,sweet,200,200,True,154.48001098632812,0.0,400,400
analog_14_33_16_vue.png,14,33,16,vue,200,200,True,154.95999145507812,0.0,400,400
analog_14_33_16_wall.png,14,33,16,wall,200,200,True,126.76000213623047,0.0,400,400
analog_14_33_16_watch.png,14,33,16,watch,200,199,True,153.52000427246094,0.0,400,400
analog_14_36_39_3d.png,14,36,39,3d,199,200,True,153.8800048828125,0.0,400,400
analog_14_36_39_atc.png,14,36,39,atc,200,200,True,154.95999145507812,0.0,400,400
analog_14_36_39_design3.png,14,36,39,design3,200,200,True,148.1199951171875,0.0,400,400
analog_14_36_39_js30.png,14,36,39,js30,200,200,True,149.9199981689453,0.0,400,400
analog_14_36_39_orange.png,14,36,39,orange,200,199,True,158.32000732421875,0.0,400,400
analog_14_36_39_simple.png,14,36,39,simple,268,353,True,167.32000732421875,0.0,400,400
analog_14_36_39_sweet.png,14,36,39,sweet,200,200,True,154.48001098632812,0.0,400,400
analog_14_36_39_vue.png,14,36,39,vue,200,200,True,154.95999145507812,0.0,400,400
analog_14_36_39_wall.png,14,36,39,wall,200,200,True,126.76000213623047,0.0,400,400
analog_14_36_39_watch.png,14,36,39,watch,200,199,True,153.52000427246094,0.0,400,400
analog_14_39_52_3d.png,14,39,52,3d,199,200,True,153.8800048828125,0.0,400,400
analog_14_39_52_atc.png,14,39,52,atc,200,200,True,154.95999145507812,0.0,400,400
analog_14_39_52_design3.png,14,39,52,design3,200,200,True,148.1199951171875,0.0,400,400
analog_14_39_52_js30.png,14,39,52,js30,200,200,True,149.9199981689453,0.0,400,400
analog_14_39_52_orange.png,14,39,52,orange,200,199,True,158.32000732421875,0.0,400,400
analog_14_39_52_simple.png,14,39,52,simple,200,200,False,,0.0,400,400
analog_14_39_52_sweet.png,14,39,52,sweet,200,200,True,154.48001098632812,0.0,400,400
analog_14_39_52_vue.png,14,39,52,vue,200,200,True,154.95999145507812,0.0,400,400
analog_14_39_52_wall.png,14,39,52,wall,200,200,True,126.76000213623047,0.0,400,400
analog_14_39_52_watch.png,14,39,52,watch,200,199,True,153.52000427246094,0.0,400,400
analog_14_42_33_3d.png,14,42,33,3d,199,200,True,153.8800048828125,0.0,400,400
analog_14_42_33_atc.png,14,42,33,atc,200,200,True,154.95999145507812,0.0,400,400
analog_14_42_33_design3.png,14,42,33,design3,200,200,True,148.1199951171875,0.0,400,400
analog_14_42_33_js30.png,14,42,33,js30,200,200,True,149.9199981689453,0.0,400,400
analog_14_42_33_orange.png,14,42,33,orange,200,199,True,158.32000732421875,0.0,400,400
analog_14_42_33_simple.png,14,42,33,simple,200,200,False,,0.0,400,400
analog_14_42_33_sweet.png,14,42,33,sweet,200,200,True,154.48001098632812,0.0,400,400
analog_14_42_33_vue.png,14,42,33,vue,200,200,True,154.95999145507812,0.0,400,400
analog_14_42_33_wall.png,14,42,33,wall,200,200,True,126.76000213623047,0.0,400,400
analog_14_42_33_watch.png,14,42,33,watch,200,199,True,153.52000427246094,0.0,400,400
analog_14_43_13_3d.png,14,43,13,3d,199,200,True,153.8800048828125,0.0,400,400
analog_14_43_13_atc.png,14,43,13,atc,200,200,True,154.95999145507812,0.0,400,400
analog_14_43_13_design3.png,14,43,13,design3,200,200,True,148.1199951171875,0.0,400,400
analog_14_43_13_js30.png,14,43,13,js30,200,200,True,149.9199981689453,0.0,400,400
analog_14_43_13_orange.png,14,43,13,orange,200,199,True,158.32000732421875,0.0,400,400
analog_14_43_13_simple.png,14,43,13,simple,200,200,False,,0.0,400,400
analog_14_43_13_sweet.png,14,43,13,sweet,200,200,True,154.48001098632812,0.0,400,400
analog_14_43_13_vue.png,14,43,13,vue,200,200,True,154.95999145507812,0.0,400,400
analog_14_43_13_wall.png,14,43,13,wall,200,200,True,126.76000213623047,0.0,400,400
analog_14_43_13_watch.png,14,43,13,watch,200,199,True,153.52000427246094,0.0,400,400
analog_14_45_09_3d.png,14,45,9,3d,199,200,True,153.8800048828125,0.0,400,400
analog_14_45_09_atc.png,14,45,9,atc,200,200,True,154.95999145507812,0.0,400,400
analog_14_45_09_design3.png,14,45,9,design3,200,200,True,148.1199951171875,0.0,400,400
analog_14_45_09_js30.png,14,45,9,js30,200,200,True,149.9199981689453,0.0,400,400
analog_14_45_09_orange.png,14,45,9,orange,200,199,True,158.32000732421875,0.0,400,400
analog_14_45_09_simple.png,14,45,9,simple,143,73,True,135.27999877929688,0.0,400,400
analog_14_45_09_sweet.png,14,45,9,sweet,200,200,True,154.48001098632812,0.0,400,400
analog_14_45_09_vue.png,14,45,9,vue,200,200,True,154.95999145507812,0.0,400,400
analog_14_45_09_wall.png,14,45,9,wall,200,200,True,126.76000213623047,0.0,400,400
analog_14_45_09_watch.png,14,45,9,watch,200,199,True,153.52000427246094,0.0,400,400
analog_14_50_01_3d.png,14,50,1,3d,199,200,True,153.8800048828125,0.0,400,400
analog_14_50_01_atc.png,14,50,1,atc,200,200,True,154.95999145507812,0.0,400,400
analog_14_50_01_design3.png,14,50,1,design3,200,200,True,148.1199951171875,0.0,400,400
analog_14_50_01_js30.png,14,50,1,js30,200,200,True,149.9199981689453,0.0,400,400
analog_14_50_01_orange.png,14,50,1,orange,200,199,True,158.32000732421875,0.0,400,400
analog_14_50_01_simple.png,14,50,1,simple,200,200,False,,0.0,400,400
analog_14_50_01_sweet.png,14,50,1,sweet,200,200,True,154.48001098632812,0.0,400,400
analog_14_50_01_vue.png,14,50,1,vue,200,200,True,154.95999145507812,0.0,400,400
analog_14_50_01_wall.png,14,50,1,wall,200,200,True,126.76000213623047,0.0,400,400
analog_14_50_01_watch.png,14,50,1,watch,200,199,True,153.52000427246094,0.0,400,400
analog_14_55_46_3d.png,14,55,46,3d,199,200,True,153.8800048828125,0.0,400,400
analog_14_55_46_atc.png,14,55,46,atc,200,200,True,154.95999145507812,0.0,400,400
analog_14_55_46_design3.png,14,55,46,design3,200,200,True,148.1199951171875,0.0,400,400
analog_14_55_46_js30.png,14,55,46,js30,200,200,True,149.9199981689453,0.0,400,400
analog_14_55_46_orange.png,14,55,46,orange,200,199,True,158.32000732421875,0.0,400,400
analog_14_55_46_simple.png,14,55,46,simple,200,200,False,,0.0,400,400
analog_14_55_46_sweet.png,14,55,46,sweet,200,200,True,154.48001098632812,0.0,400,400
analog_14_55_46_vue.png,14,55,46,vue,200,200,True,154.95999145507812,0.0,400,400
analog_14_55_46_wall.png,14,55,46,wall,200,200,True,126.76000213623047,0.0,400,400
analog_14_55_46_watch.png,14,55,46,watch,200,199,True,153.52000427246094,0.0,400,400
analog_14_58_08_3d.png,14,58,8,3d,199,200,True,153.8800048828125,0.0,400,400
analog_14_58_08_atc.png,14,58,8,atc,200,200,True,154.95999145507812,0.0,400,400
analog_14_58_08_design3.png,14,58,8,design3,200,200,True,148.1199951171875,0.0,400,400
analog_14_58_08_js30.png,14,58,8,js30,200,200,True,149.9199981689453,0.0,400,400
analog_14_58_08_orange.png,14,58,8,orange,200,199,True,158.32000732421875,0.0,400,400
analog_14_58_08_simple.png,14,58,8,simple,155,20,True,165.04000854492188,0.0,400,400
analog_14_58_08_sweet.png,14,58,8,sweet,200,200,True,154.48001098632812,0.0,400,400
analog_14_58_08_vue.png,14,58,8,vue,200,200,True,154.95999145507812,0.0,400,400
analog_14_58_08_wall.png,14,58,8,wall,200,200,True,126.76000213623047,0.0,400,400
analog_14_58_08_watch.png,14,58,8,watch,200,199,True,153.52000427246094,0.0,400,400
analog_15_00_00_3d.png,15,0,0,3d,199,200,True,153.8800048828125,0.0,400,400
analog_15_00_00_atc.png,15,0,0,atc,200,200,True,154.95999145507812,0.0,400,400
analog_15_00_00_design3.png,15,0,0,design3,200,200,True,148.1199951171875,0.0,400,400
analog_15_00_00_js30.png,15,0,0,js30,200,200,True,149.9199981689453,0.0,400,400
analog_15_00_00_orange.png,15,0,0,orange,200,199,True,158.32000732421875,0.0,400,400
analog_15_00_00_simple.png,15,0,0,simple,200,200,False,,0.0,400,400
analog_15_00_00_sweet.png,15,0,0,sweet,200,200,True,154.48001098632812,0.0,400,400
analog_15_00_00_vue.png,15,0,0,vue,200,200,True,154.95999145507812,0.0,400,400
analog_15_00_00_wall.png,15,0,0,wall,200,200,True,126.76000213623047,0.0,400,400
analog_15_00_00_watch.png,15,0,0,watch,200,199,True,153.52000427246094,0.0,400,400
analog_15_06_27_3d.png,15,6,27,3d,199,200,True,153.8800048828125,0.0,400,400
analog_15_06_27_atc.png,15,6,27,atc,200,200,True,154.95999145507812,0.0,400,400
analog_15_06_27_design3.png,15,6,27,design3,200,200,True,148.1199951171875,0.0,400,400
analog_15_06_27_js30.png,15,6,27,js30,200,200,True,149.9199981689453,0.0,400,400
analog_15_06_27_orange.png,15,6,27,orange,200,199,True,158.32000732421875,0.0,400,400
analog_15_06_27_simple.png,15,6,27,simple,200,200,False,,0.0,400,400
analog_15_06_27_sweet.png,15,6,27,sweet,200,200,True,154.48001098632812,0.0,400,400
analog_15_06_27_vue.png,15,6,27,vue,200,200,True,154.95999145507812,0.0,400,400
analog_15_06_27_wall.png,15,6,27,wall,200,200,True,126.76000213623047,0.0,400,400
analog_15_06_27_watch.png,15,6,27,watch,200,199,True,153.52000427246094,0.0,400,400
analog_15_09_12_3d.png,15,9,12,3d,199,200,True,153.8800048828125,0.0,400,400
analog_15_09_12_atc.png,15,9,12,atc,200,200,True,154.95999145507812,0.0,400,400
analog_15_09_12_design3.png,15,9,12,design3,200,200,True,148.1199951171875,0.0,400,400
analog_15_09_12_js30.png,15,9,12,js30,200,200,True,149.9199981689453,0.0,400,400
analog_15_09_12_orange.png,15,9,12,orange,200,199,True,158.32000732421875,0.0,400,400
analog_15_09_12_simple.png,15,9,12,simple,200,200,False,,0.0,400,400
analog_15_09_12_sweet.png,15,9,12,sweet,200,200,True,154.48001098632812,0.0,400,400
analog_15_09_12_vue.png,15,9,12,vue,200,200,True,154.95999145507812,0.0,400,400
analog_15_09_12_wall.png,15,9,12,wall,200,200,True,126.76000213623047,0.0,400,400
analog_15_09_12_watch.png,15,9,12,watch,200,199,True,153.52000427246094,0.0,400,400
analog_15_14_17_3d.png,15,14,17,3d,199,200,True,153.8800048828125,0.0,400,400
analog_15_14_17_atc.png,15,14,17,atc,200,200,True,154.95999145507812,0.0,400,400
analog_15_14_17_design3.png,15,14,17,design3,200,200,True,148.1199951171875,0.0,400,400
analog_15_14_17_js30.png,15,14,17,js30,200,200,True,149.9199981689453,0.0,400,400
analog_15_14_17_orange.png,15,14,17,orange,200,199,True,158.32000732421875,0.0,400,400
analog_15_14_17_simple.png,15,14,17,simple,200,200,False,,0.0,400,400
analog_15_14_17_sweet.png,15,14,17,sweet,200,200,True,154.48001098632812,0.0,400,400
analog_15_14_17_vue.png,15,14,17,vue,200,200,True,154.95999145507812,0.0,400,400
analog_15_14_17_wall.png,15,14,17,wall,200,200,True,126.76000213623047,0.0,400,400
analog_15_14_17_watch.png,15,14,17,watch,200,199,True,153.52000427246094,0.0,400,400
analog_15_25_15_3d.png,15,25,15,3d,199,200,True,153.8800048828125,0.0,400,400
analog_15_25_15_atc.png,15,25,15,atc,200,200,True,154.95999145507812,0.0,400,400
analog_15_25_15_design3.png,15,25,15,design3,200,200,True,148.1199951171875,0.0,400,400
analog_15_25_15_js30.png,15,25,15,js30,200,200,True,149.9199981689453,0.0,400,400
analog_15_25_15_orange.png,15,25,15,orange,200,199,True,158.32000732421875,0.0,400,400
analog_15_25_15_simple.png,15,25,15,simple,200,200,False,,0.0,400,400
analog_15_25_15_sweet.png,15,25,15,sweet,200,200,True,154.48001098632812,0.0,400,400
analog_15_25_15_vue.png,15,25,15,vue,200,200,True,154.95999145507812,0.0,400,400
analog_15_25_15_wall.png,15,25,15,wall,200,200,True,126.76000213623047,0.0,400,400
analog_15_25_15_watch.png,15,25,15,watch,200,199,True,153.52000427246094,0.0,400,400
analog_15_28_16_3d.png,15,28,16,3d,199,200,True,153.8800048828125,0.0,400,400
analog_15_28_16_atc.png,15,28,16,atc,200,200,True,154.95999145507812,0.0,400,400
analog_15_28_16_design3.png,15,28,16,design3,200,200,True,148.1199951171875,0.0,400,400
analog_15_28_16_js30.png,15,28,16,js30,200,200,True,149.9199981689453,0.0,400,400
analog_15_28_16_orange.png,15,28,16,orange,200,199,True,158.32000732421875,0.0,400,400
analog_15_28_16_simple.png,15,28,16,simple,200,200,False,,0.0,400,400
analog_15_28_16_sweet.png,15,28,16,sweet,200,200,True,154.48001098632812,0.0,400,400
analog_15_28_16_vue.png,15,28,16,vue,200,200,True,154.95999145507812,0.0,400,400
analog_15_28_16_wall.png,15,28,16,wall,200,200,True,126.76000213623047,0.0,400,400
analog_15_28_16_watch.png,15,28,16,watch,200,199,True,153.52000427246094,0.0,400,400
analog_15_30_13_3d.png,15,30,13,3d,199,200,True,153.8800048828125,0.0,400,400
analog_15_30_13_atc.png,15,30,13,atc,200,200,True,154.95999145507812,0.0,400,400
analog_15_30_13_design3.png,15,30,13,design3,200,200,True,148.1199951171875,0.0,400,400
analog_15_30_13_js30.png,15,30,13,js30,200,200,True,149.9199981689453,0.0,400,400
analog_15_30_13_orange.png,15,30,13,orange,200,199,True,158.32000732421875,0.0,400,400
analog_15_30_13_simple.png,15,30,13,simple,200,200,False,,0.0,400,400
analog_15_30_13_sweet.png,15,30,13,sweet,200,200,True,154.48001098632812,0.0,400,400
analog_15_30_13_vue.png,15,30,13,vue,200,200,True,154.95999145507812,0.0,400,400
analog_15_30_13_wall.png,15,30,13,wall,200,200,True,126.76000213623047,0.0,400,400
analog_15_30_13_watch.png,15,30,13,watch,200,199,True,153.52000427246094,0.0,400,400
analog_15_32_58_3d.png,15,32,58,3d,199,200,True,153.8800048828125,0.0,400,400
analog_15_32_58_atc.png,15,32,58,atc,200,200,True,154.95999145507812,0.0,400,400
analog_15_32_58_design3.png,15,32,58,design3,200,200,True,148.1199951171875,0.0,400,400
analog_15_32_58_js30.png,15,32,58,js30,200,200,True,149.9199981689453,0.0,400,400
analog_15_32_58_orange.png,15,32,58,orange,200,199,True,158.32000732421875,0.0,400,400
analog_15_32_58_simple.png,15,32,58,simple,200,200,False,,0.0,400,400
analog_15_32_58_sweet.png,15,32,58,sweet,200,200,True,154.48001098632812,0.0,400,400
analog_15_32_58_vue.png,15,32,58,vue,200,200,True,154.95999145507812,0.0,400,400
analog_15_32_58_wall.png,15,32,58,wall,200,200,True,126.76000213623047,0.0,400,400
analog_15_32_58_watch.png,15,32,58,watch,200,199,True,153.52000427246094,0.0,400,400
analog_15_35_48_3d.png,15,35,48,3d,199,200,True,153.8800048828125,0.0,400,400
analog_15_35_48_atc.png,15,35,48,atc,200,200,True,154.95999145507812,0.0,400,400
analog_15_35_48_design3.png,15,35,48,design3,200,200,True,148.1199951171875,0.0,400,400
analog_15_35_48_js30.png,15,35,48,js30,200,200,True,149.9199981689453,0.0,400,400
analog_15_35_48_orange.png,15,35,48,orange,200,199,True,158.32000732421875,0.0,400,400
analog_15_35_48_simple.png,15,35,48,simple,200,200,False,,0.0,400,400
analog_15_35_48_sweet.png,15,35,48,sweet,200,200,True,154.48001098632812,0.0,400,400
analog_15_35_48_vue.png,15,35,48,vue,200,200,True,154.95999145507812,0.0,400,400
analog_15_35_48_wall.png,15,35,48,wall,200,200,True,126.76000213623047,0.0,400,400
analog_15_35_48_watch.png,15,35,48,watch,200,199,True,153.52000427246094,0.0,400,400
analog_15_45_30_3d.png,15,45,30,3d,199,200,True,153.8800048828125,0.0,400,400
analog_15_45_30_atc.png,15,45,30,atc,200,200,True,154.95999145507812,0.0,400,400
analog_15_45_30_design3.png,15,45,30,design3,200,200,True,148.1199951171875,0.0,400,400
analog_15_45_30_js30.png,15,45,30,js30,200,200,True,149.9199981689453,0.0,400,400
analog_15_45_30_orange.png,15,45,30,orange,200,199,True,158.32000732421875,0.0,400,400
analog_15_45_30_simple.png,15,45,30,simple,200,200,False,,0.0,400,400
analog_15_45_30_sweet.png,15,45,30,sweet,200,200,True,154.48001098632812,0.0,400,400
analog_15_45_30_vue.png,15,45,30,vue,200,200,True,154.95999145507812,0.0,400,400
analog_15_45_30_wall.png,15,45,30,wall,200,200,True,126.76000213623047,0.0,400,400
analog_15_45_30_watch.png,15,45,30,watch,200,199,True,153.52000427246094,0.0,400,400
analog_15_52_04_3d.png,15,52,4,3d,199,200,True,153.8800048828125,0.0,400,400
analog_15_52_04_atc.png,15,52,4,atc,200,200,True,154.95999145507812,0.0,400,400
analog_15_52_04_design3.png,15,52,4,design3,200,200,True,148.1199951171875,0.0,400,400
analog_15_52_04_js30.png,15,52,4,js30,200,200,True,149.9199981689453,0.0,400,400
analog_15_52_04_orange.png,15,52,4,orange,200,199,True,158.32000732421875,0.0,400,400
analog_15_52_04_simple.png,15,52,4,simple,200,200,False,,0.0,400,400
analog_15_52_04_sweet.png,15,52,4,sweet,200,200,True,154.48001098632812,0.0,400,400
analog_15_52_04_vue.png,15,52,4,vue,200,200,True,154.95999145507812,0.0,400,400
analog_15_52_04_wall.png,15,52,4,wall,200,200,True,126.76000213623047,0.0,400,400
analog_15_52_04_watch.png,15,52,4,watch,200,199,True,153.52000427246094,0.0,400,400
analog_16_00_00_3d.png,16,0,0,3d,199,200,True,153.8800048828125,0.0,400,400
analog_16_00_00_atc.png,16,0,0,atc,200,200,True,154.95999145507812,0.0,400,400
analog_16_00_00_design3.png,16,0,0,design3,200,200,True,148.1199951171875,0.0,400,400
analog_16_00_00_js30.png,16,0,0,js30,200,200,True,149.9199981689453,0.0,400,400
analog_16_00_00_orange.png,16,0,0,orange,200,199,True,158.32000732421875,0.0,400,400
analog_16_00_00_simple.png,16,0,0,simple,200,200,False,,0.0,400,400
analog_16_00_00_sweet.png,16,0,0,sweet,200,200,True,154.48001098632812,0.0,400,400
analog_16_00_00_vue.png,16,0,0,vue,200,200,True,154.95999145507812,0.0,400,400
analog_16_00_00_wall.png,16,0,0,wall,200,200,True,126.76000213623047,0.0,400,400
analog_16_00_00_watch.png,16,0,0,watch,200,199,True,153.52000427246094,0.0,400,400
analog_16_00_42_3d.png,16,0,42,3d,199,200,True,153.8800048828125,0.0,400,400
analog_16_00_42_atc.png,16,0,42,atc,200,200,True,154.95999145507812,0.0,400,400
analog_16_00_42_design3.png,16,0,42,design3,200,200,True,148.1199951171875,0.0,400,400
analog_16_00_42_js30.png,16,0,42,js30,200,200,True,149.9199981689453,0.0,400,400
analog_16_00_42_orange.png,16,0,42,orange,200,199,True,158.32000732421875,0.0,400,400
analog_16_00_42_simple.png,16,0,42,simple,200,200,False,,0.0,400,400
analog_16_00_42_sweet.png,16,0,42,sweet,200,200,True,154.48001098632812,0.0,400,400
analog_16_00_42_vue.png,16,0,42,vue,200,200,True,154.95999145507812,0.0,400,400
analog_16_00_42_wall.png,16,0,42,wall,200,200,True,126.76000213623047,0.0,400,400
analog_16_00_42_watch.png,16,0,42,watch,200,199,True,153.52000427246094,0.0,400,400
analog_16_05_54_3d.png,16,5,54,3d,199,200,True,153.8800048828125,0.0,400,400
analog_16_05_54_atc.png,16,5,54,atc,200,200,True,154.95999145507812,0.0,400,400
analog_16_05_54_design3.png,16,5,54,design3,200,200,True,148.1199951171875,0.0,400,400
analog_16_05_54_js30.png,16,5,54,js30,200,200,True,149.9199981689453,0.0,400,400
analog_16_05_54_orange.png,16,5,54,orange,200,199,True,158.32000732421875,0.0,400,400
analog_16_05_54_simple.png,16,5,54,simple,200,200,False,,0.0,400,400
analog_16_05_54_sweet.png,16,5,54,sweet,200,200,True,154.48001098632812,0.0,400,400
analog_16_05_54_vue.png,16,5,54,vue,200,200,True,154.95999145507812,0.0,400,400
analog_16_05_54_wall.png,16,5,54,wall,200,200,True,126.76000213623047,0.0,400,400
analog_16_05_54_watch.png,16,5,54,watch,200,199,True,153.52000427246094,0.0,400,400
analog_16_07_24_3d.png,16,7,24,3d,199,200,True,153.8800048828125,0.0,400,400
analog_16_07_24_atc.png,16,7,24,atc,200,200,True,154.95999145507812,0.0,400,400
analog_16_07_24_design3.png,16,7,24,design3,200,200,True,148.1199951171875,0.0,400,400
analog_16_07_24_js30.png,16,7,24,js30,200,200,True,149.9199981689453,0.0,400,400
analog_16_07_24_orange.png,16,7,24,orange,200,199,True,158.32000732421875,0.0,400,400
analog_16_07_24_simple.png,16,7,24,simple,200,200,False,,0.0,400,400
analog_16_07_24_sweet.png,16,7,24,sweet,200,200,True,154.48001098632812,0.0,400,400
analog_16_07_24_vue.png,16,7,24,vue,200,200,True,154.95999145507812,0.0,400,400
analog_16_07_24_wall.png,16,7,24,wall,200,200,True,126.76000213623047,0.0,400,400
analog_16_07_24_watch.png,16,7,24,watch,200,199,True,153.52000427246094,0.0,400,400
analog_16_10_03_3d.png,16,10,3,3d,199,200,True,153.8800048828125,0.0,400,400
analog_16_10_03_atc.png,16,10,3,atc,200,200,True,154.95999145507812,0.0,400,400
analog_16_10_03_design3.png,16,10,3,design3,200,200,True,148.1199951171875,0.0,400,400
analog_16_10_03_js30.png,16,10,3,js30,200,200,True,149.9199981689453,0.0,400,400
analog_16_10_03_orange.png,16,10,3,orange,200,199,True,158.32000732421875,0.0,400,400
analog_16_10_03_simple.png,16,10,3,simple,200,200,False,,0.0,400,400
analog_16_10_03_sweet.png,16,10,3,sweet,200,200,True,154.48001098632812,0.0,400,400
analog_16_10_03_vue.png,16,10,3,vue,200,200,True,154.95999145507812,0.0,400,400
analog_16_10_03_wall.png,16,10,3,wall,200,200,True,126.76000213623047,0.0,400,400
analog_16_10_03_watch.png,16,10,3,watch,200,199,True,153.52000427246094,0.0,400,400
analog_16_12_05_3d.png,16,12,5,3d,199,200,True,153.8800048828125,0.0,400,400
analog_16_12_05_atc.png,16,12,5,atc,200,200,True,154.95999145507812,0.0,400,400
analog_16_12_05_design3.png,16,12,5,design3,200,200,True,148.1199951171875,0.0,400,400
analog_16_12_05_js30.png,16,12,5,js30,200,200,True,149.9199981689453,0.0,400,400
analog_16_12_05_orange.png,16,12,5,orange,200,199,True,158.32000732421875,0.0,400,400
analog_16_12_05_simple.png,16,12,5,simple,200,200,False,,0.0,400,400
analog_16_12_05_sweet.png,16,12,5,sweet,200,200,True,154.48001098632812,0.0,400,400
analog_16_12_05_vue.png,16,12,5,vue,200,200,True,154.95999145507812,0.0,400,400
analog_16_12_05_wall.png,16,12,5,wall,200,200,True,126.76000213623047,0.0,400,400
analog_16_12_05_watch.png,16,12,5,watch,200,199,True,153.52000427246094,0.0,400,400
analog_16_16_08_3d.png,16,16,8,3d,199,200,True,153.8800048828125,0.0,400,400
analog_16_16_08_atc.png,16,16,8,atc,200,200,True,154.95999145507812,0.0,400,400
analog_16_16_08_design3.png,16,16,8,design3,200,200,True,148.1199951171875,0.0,400,400
analog_16_16_08_js30.png,16,16,8,js30,200,200,True,149.9199981689453,0.0,400,400
analog_16_16_08_orange.png,16,16,8,orange,200,199,True,158.32000732421875,0.0,400,400
analog_16_16_08_simple.png,16,16,8,simple,297,76,True,152.8000030517578,0.0,400,400
analog_16_16_08_sweet.png,16,16,8,sweet,200,200,True,154.48001098632812,0.0,400,400
analog_16_16_08_vue.png,16,16,8,vue,200,200,True,154.95999145507812,0.0,400,400
analog_16_16_08_wall.png,16,16,8,wall,200,200,True,126.76000213623047,0.0,400,400
analog_16_16_08_watch.png,16,16,8,watch,200,199,True,153.52000427246094,0.0,400,400
analog_16_19_42_3d.png,16,19,42,3d,199,200,True,153.8800048828125,0.0,400,400
analog_16_19_42_atc.png,16,19,42,atc,200,200,True,154.95999145507812,0.0,400,400
analog_16_19_42_design3.png,16,19,42,design3,200,200,True,148.1199951171875,0.0,400,400
analog_16_19_42_js30.png,16,19,42,js30,200,200,True,149.9199981689453,0.0,400,400
analog_16_19_42_orange.png,16,19,42,orange,200,199,True,158.32000732421875,0.0,400,400
analog_16_19_42_simple.png,16,19,42,simple,200,200,False,,0.0,400,400
analog_16_19_42_sweet.png,16,19,42,sweet,200,200,True,154.48001098632812,0.0,400,400
analog_16_19_42_vue.png,16,19,42,vue,200,200,True,154.95999145507812,0.0,400,400
analog_16_19_42_wall.png,16,19,42,wall,200,200,True,126.76000213623047,0.0,400,400
analog_16_19_42_watch.png,16,19,42,watch,200,199,True,153.52000427246094,0.0,400,400
analog_16_28_07_3d.png,16,28,7,3d,199,200,True,153.8800048828125,0.0,400,400
analog_16_28_07_atc.png,16,28,7,atc,200,200,True,154.95999145507812,0.0,400,400
analog_16_28_07_design3.png,16,28,7,design3,200,200,True,148.1199951171875,0.0,400,400
analog_16_28_07_js30.png,16,28,7,js30,200,200,True,149.9199981689453,0.0,400,400
analog_16_28_07_orange.png,16,28,7,orange,200,199,True,158.32000732421875,0.0,400,400
analog_16_28_07_simple.png,16,28,7,simple,200,200,False,,0.0,400,400
analog_16_28_07_sweet.png,16,28,7,sweet,200,200,True,154.48001098632812,0.0,400,400
analog_16_28_07_vue.png,16,28,7,vue,200,200,True,154.95999145507812,0.0,400,400
analog_16_28_07_wall.png,16,28,7,wall,200,200,True,126.76000213623047,0.0,400,400
analog_16_28_07_watch.png,16,28,7,watch,200,199,True,153.52000427246094,0.0,400,400
analog_16_30_50_3d.png,16,30,50,3d,199,200,True,153.8800048828125,0.0,400,400
analog_16_30_50_atc.png,16,30,50,atc,200,200,True,154.95999145507812,0.0,400,400
analog_16_30_50_design3.png,16,30,50,design3,200,200,True,148.1199951171875,0.0,400,400
analog_16_30_50_js30.png,16,30,50,js30,200,200,True,149.9199981689453,0.0,400,400
analog_16_30_50_orange.png,16,30,50,orange,200,199,True,158.32000732421875,0.0,400,400
analog_16_30_50_simple.png,16,30,50,simple,79,295,True,145.60000610351562,0.0,400,400
analog_16_30_50_sweet.png,16,30,50,sweet,200,200,True,154.48001098632812,0.0,400,400
analog_16_30_50_vue.png,16,30,50,vue,200,200,True,154.95999145507812,0.0,400,400
analog_16_30_50_wall.png,16,30,50,wall,200,200,True,126.76000213623047,0.0,400,400
analog_16_30_50_watch.png,16,30,50,watch,200,199,True,153.52000427246094,0.0,400,400
analog_16_31_16_3d.png,16,31,16,3d,199,200,True,153.8800048828125,0.0,400,400
analog_16_31_16_atc.png,16,31,16,atc,200,200,True,154.95999145507812,0.0,400,400
analog_16_31_16_design3.png,16,31,16,design3,200,200,True,148.1199951171875,0.0,400,400
analog_16_31_16_js30.png,16,31,16,js30,200,200,True,149.9199981689453,0.0,400,400
analog_16_31_16_orange.png,16,31,16,orange,200,199,True,158.32000732421875,0.0,400,400
analog_16_31_16_simple.png,16,31,16,simple,200,200,False,,0.0,400,400
analog_16_31_16_sweet.png,16,31,16,sweet,200,200,True,154.48001098632812,0.0,400,400
analog_16_31_16_vue.png,16,31,16,vue,200,200,True,154.95999145507812,0.0,400,400
analog_16_31_16_wall.png,16,31,16,wall,200,200,True,126.76000213623047,0.0,400,400
analog_16_31_16_watch.png,16,31,16,watch,200,199,True,153.52000427246094,0.0,400,400
analog_16_31_40_3d.png,16,31,40,3d,199,200,True,153.8800048828125,0.0,400,400
analog_16_31_40_atc.png,16,31,40,atc,200,200,True,154.95999145507812,0.0,400,400
analog_16_31_40_design3.png,16,31,40,design3,200,200,True,148.1199951171875,0.0,400,400
analog_16_31_40_js30.png,16,31,40,js30,200,200,True,149.9199981689453,0.0,400,400
analog_16_31_40_orange.png,16,31,40,orange,200,199,True,158.32000732421875,0.0,400,400
analog_16_31_40_simple.png,16,31,40,simple,200,200,False,,0.0,400,400
analog_16_31_40_sweet.png,16,31,40,sweet,200,200,True,154.48001098632812,0.0,400,400
analog_16_31_40_vue.png,16,31,40,vue,200,200,True,154.95999145507812,0.0,400,400
analog_16_31_40_wall.png,16,31,40,wall,200,200,True,126.76000213623047,0.0,400,400
analog_16_31_40_watch.png,16,31,40,watch,200,199,True,153.52000427246094,0.0,400,400
analog_16_38_01_3d.png,16,38,1,3d,199,200,True,153.8800048828125,0.0,400,400
analog_16_38_01_atc.png,16,38,1,atc,200,200,True,154.95999145507812,0.0,400,400
analog_16_38_01_design3.png,16,38,1,design3,200,200,True,148.1199951171875,0.0,400,400
analog_16_38_01_js30.png,16,38,1,js30,200,200,True,149.9199981689453,0.0,400,400
analog_16_38_01_orange.png,16,38,1,orange,200,199,True,158.32000732421875,0.0,400,400
analog_16_38_01_simple.png,16,38,1,simple,200,200,False,,0.0,400,400
analog_16_38_01_sweet.png,16,38,1,sweet,200,200,True,154.48001098632812,0.0,400,400
analog_16_38_01_vue.png,16,38,1,vue,200,200,True,154.95999145507812,0.0,400,400
analog_16_38_01_wall.png,16,38,1,wall,200,200,True,126.76000213623047,0.0,400,400
analog_16_38_01_watch.png,16,38,1,watch,200,199,True,153.52000427246094,0.0,400,400
analog_16_38_12_3d.png,16,38,12,3d,199,200,True,153.8800048828125,0.0,400,400
analog_16_38_12_atc.png,16,38,12,atc,200,200,True,154.95999145507812,0.0,400,400
analog_16_38_12_design3.png,16,38,12,design3,200,200,True,148.1199951171875,0.0,400,400
analog_16_38_12_js30.png,16,38,12,js30,200,200,True,149.9199981689453,0.0,400,400
analog_16_38_12_orange.png,16,38,12,orange,200,199,True,158.32000732421875,0.0,400,400
analog_16_38_12_simple.png,16,38,12,simple,200,200,False,,0.0,400,400
analog_16_38_12_sweet.png,16,38,12,sweet,200,200,True,154.48001098632812,0.0,400,400
analog_16_38_12_vue.png,16,38,12,vue,200,200,True,154.95999145507812,0.0,400,400
analog_16_38_12_wall.png,16,38,12,wall,200,200,True,126.76000213623047,0.0,400,400
analog_16_38_12_watch.png,16,38,12,watch,200,199,True,153.52000427246094,0.0,400,400
analog_16_41_17_3d.png,16,41,17,3d,199,200,True,153.8800048828125,0.0,400,400
analog_16_41_17_atc.png,16,41,17,atc,200,200,True,154.95999145507812,0.0,400,400
analog_16_41_17_design3.png,16,41,17,design3,200,200,True,148.1199951171875,0.0,400,400
analog_16_41_17_js30.png,16,41,17,js30,200,200,True,149.9199981689453,0.0,400,400
analog_16_41_17_orange.png,16,41,17,orange,200,199,True,158.32000732421875,0.0,400,400
analog_16_41_17_simple.png,16,41,17,simple,200,200,False,,0.0,400,400
analog_16_41_17_sweet.png,16,41,17,sweet,200,200,True,154.48001098632812,0.0,400,400
analog_16_41_17_vue.png,16,41,17,vue,200,200,True,154.95999145507812,0.0,400,400
analog_16_41_17_wall.png,16,41,17,wall,200,200,True,126.76000213623047,0.0,400,400
analog_16_41_17_watch.png,16,41,17,watch,200,199,True,153.52000427246094,0.0,400,400
analog_16_41_21_3d.png,16,41,21,3d,199,200,True,153.8800048828125,0.0,400,400
analog_16_41_21_atc.png,16,41,21,atc,200,200,True,154.95999145507812,0.0,400,400
analog_16_41_21_design3.png,16,41,21,design3,200,200,True,148.1199951171875,0.0,400,400
analog_16_41_21_js30.png,16,41,21,js30,200,200,True,149.9199981689453,0.0,400,400
analog_16_41_21_orange.png,16,41,21,orange,200,199,True,158.32000732421875,0.0,400,400
analog_16_41_21_simple.png,16,41,21,simple,188,352,True,132.16000366210938,0.0,400,400
analog_16_41_21_sweet.png,16,41,21,sweet,200,200,True,154.48001098632812,0.0,400,400
analog_16_41_21_vue.png,16,41,21,vue,200,200,True,154.95999145507812,0.0,400,400
analog_16_41_21_wall.png,16,41,21,wall,200,200,True,126.76000213623047,0.0,400,400
analog_16_41_21_watch.png,16,41,21,watch,200,199,True,153.52000427246094,0.0,400,400
analog_16_55_38_3d.png,16,55,38,3d,199,200,True,153.8800048828125,0.0,400,400
analog_16_55_38_atc.png,16,55,38,atc,200,200,True,154.95999145507812,0.0,400,400
analog_16_55_38_design3.png,16,55,38,design3,200,200,True,148.1199951171875,0.0,400,400
analog_16_55_38_js30.png,16,55,38,js30,200,200,True,149.9199981689453,0.0,400,400
analog_16_55_38_orange.png,16,55,38,orange,200,199,True,158.32000732421875,0.0,400,400
analog_16_55_38_simple.png,16,55,38,simple,200,200,False,,0.0,400,400
analog_16_55_38_sweet.png,16,55,38,sweet,200,200,True,154.48001098632812,0.0,400,400
analog_16_55_38_vue.png,16,55,38,vue,200,200,True,154.95999145507812,0.0,400,400
analog_16_55_38_wall.png,16,55,38,wall,200,200,True,126.76000213623047,0.0,400,400
analog_16_55_38_watch.png,16,55,38,watch,200,199,True,153.52000427246094,0.0,400,400
analog_16_58_00_3d.png,16,58,0,3d,199,200,True,153.8800048828125,0.0,400,400
analog_16_58_00_atc.png,16,58,0,atc,200,200,True,154.95999145507812,0.0,400,400
analog_16_58_00_design3.png,16,58,0,design3,200,200,True,148.1199951171875,0.0,400,400
analog_16_58_00_js30.png,16,58,0,js30,200,200,True,149.9199981689453,0.0,400,400
analog_16_58_00_orange.png,16,58,0,orange,200,199,True,158.32000732421875,0.0,400,400
analog_16_58_00_simple.png,16,58,0,simple,200,200,False,,0.0,400,400
analog_16_58_00_sweet.png,16,58,0,sweet,200,200,True,154.48001098632812,0.0,400,400
analog_16_58_00_vue.png,16,58,0,vue,200,200,True,154.95999145507812,0.0,400,400
analog_16_58_00_wall.png,16,58,0,wall,200,200,True,126.76000213623047,0.0,400,400
analog_16_58_00_watch.png,16,58,0,watch,200,199,True,153.52000427246094,0.0,400,400
analog_17_00_00_3d.png,17,0,0,3d,199,200,True,153.8800048828125,0.0,400,400
analog_17_00_00_atc.png,17,0,0,atc,200,200,True,154.95999145507812,0.0,400,400
analog_17_00_00_design3.png,17,0,0,design3,200,200,True,148.1199951171875,0.0,400,400
analog_17_00_00_js30.png,17,0,0,js30,200,200,True,149.9199981689453,0.0,400,400
analog_17_00_00_orange.png,17,0,0,orange,200,199,True,158.32000732421875,0.0,400,400
analog_17_00_00_simple.png,17,0,0,simple,200,200,False,,0.0,400,400
analog_17_00_00_sweet.png,17,0,0,sweet,200,200,True,154.48001098632812,0.0,400,400
analog_17_00_00_vue.png,17,0,0,vue,200,200,True,154.95999145507812,0.0,400,400
analog_17_00_00_wall.png,17,0,0,wall,200,200,True,126.76000213623047,0.0,400,400
analog_17_00_00_watch.png,17,0,0,watch,200,199,True,153.52000427246094,0.0,400,400
analog_17_00_07_3d.png,17,0,7,3d,199,200,True,153.8800048828125,0.0,400,400
analog_17_00_07_atc.png,17,0,7,atc,200,200,True,154.95999145507812,0.0,400,400
analog_17_00_07_design3.png,17,0,7,design3,200,200,True,148.1199951171875,0.0,400,400
analog_17_00_07_js30.png,17,0,7,js30,200,200,True,149.9199981689453,0.0,400,400
analog_17_00_07_orange.png,17,0,7,orange,200,199,True,158.32000732421875,0.0,400,400
analog_17_00_07_simple.png,17,0,7,simple,200,200,False,,0.0,400,400
analog_17_00_07_sweet.png,17,0,7,sweet,200,200,True,154.48001098632812,0.0,400,400
analog_17_00_07_vue.png,17,0,7,vue,200,200,True,154.95999145507812,0.0,400,400
analog_17_00_07_wall.png,17,0,7,wall,200,200,True,126.76000213623047,0.0,400,400
analog_17_00_07_watch.png,17,0,7,watch,200,199,True,153.52000427246094,0.0,400,400
analog_17_05_37_3d.png,17,5,37,3d,199,200,True,153.8800048828125,0.0,400,400
analog_17_05_37_atc.png,17,5,37,atc,200,200,True,154.95999145507812,0.0,400,400
analog_17_05_37_design3.png,17,5,37,design3,200,200,True,148.1199951171875,0.0,400,400
analog_17_05_37_js30.png,17,5,37,js30,200,200,True,149.9199981689453,0.0,400,400
analog_17_05_37_orange.png,17,5,37,orange,200,199,True,158.32000732421875,0.0,400,400
analog_17_05_37_simple.png,17,5,37,simple,200,200,False,,0.0,400,400
analog_17_05_37_sweet.png,17,5,37,sweet,200,200,True,154.48001098632812,0.0,400,400
analog_17_05_37_vue.png,17,5,37,vue,200,200,True,154.95999145507812,0.0,400,400
analog_17_05_37_wall.png,17,5,37,wall,200,200,True,126.76000213623047,0.0,400,400
analog_17_05_37_watch.png,17,5,37,watch,200,199,True,153.52000427246094,0.0,400,400
analog_17_06_03_3d.png,17,6,3,3d,199,200,True,153.8800048828125,0.0,400,400
analog_17_06_03_atc.png,17,6,3,atc,200,200,True,154.95999145507812,0.0,400,400
analog_17_06_03_design3.png,17,6,3,design3,200,200,True,148.1199951171875,0.0,400,400
analog_17_06_03_js30.png,17,6,3,js30,200,200,True,149.9199981689453,0.0,400,400
analog_17_06_03_orange.png,17,6,3,orange,200,199,True,158.32000732421875,0.0,400,400
analog_17_06_03_simple.png,17,6,3,simple,200,200,False,,0.0,400,400
analog_17_06_03_sweet.png,17,6,3,sweet,200,200,True,154.48001098632812,0.0,400,400
analog_17_06_03_vue.png,17,6,3,vue,200,200,True,154.95999145507812,0.0,400,400
analog_17_06_03_wall.png,17,6,3,wall,200,200,True,126.76000213623047,0.0,400,400
analog_17_06_03_watch.png,17,6,3,watch,200,199,True,153.52000427246094,0.0,400,400
analog_17_07_59_3d.png,17,7,59,3d,199,200,True,153.8800048828125,0.0,400,400
analog_17_07_59_atc.png,17,7,59,atc,200,200,True,154.95999145507812,0.0,400,400
analog_17_07_59_design3.png,17,7,59,design3,200,200,True,148.1199951171875,0.0,400,400
analog_17_07_59_js30.png,17,7,59,js30,200,200,True,149.9199981689453,0.0,400,400
analog_17_07_59_orange.png,17,7,59,orange,200,199,True,158.32000732421875,0.0,400,400
analog_17_07_59_simple.png,17,7,59,simple,200,200,False,,0.0,400,400
analog_17_07_59_sweet.png,17,7,59,sweet,200,200,True,154.48001098632812,0.0,400,400
analog_17_07_59_vue.png,17,7,59,vue,200,200,True,154.95999145507812,0.0,400,400
analog_17_07_59_wall.png,17,7,59,wall,200,200,True,126.76000213623047,0.0,400,400
analog_17_07_59_watch.png,17,7,59,watch,200,199,True,153.52000427246094,0.0,400,400
analog_17_10_16_3d.png,17,10,16,3d,199,200,True,153.8800048828125,0.0,400,400
analog_17_10_16_atc.png,17,10,16,atc,200,200,True,154.95999145507812,0.0,400,400
analog_17_10_16_design3.png,17,10,16,design3,200,200,True,148.1199951171875,0.0,400,400
analog_17_10_16_js30.png,17,10,16,js30,200,200,True,149.9199981689453,0.0,400,400
analog_17_10_16_orange.png,17,10,16,orange,200,199,True,158.32000732421875,0.0,400,400
analog_17_10_16_simple.png,17,10,16,simple,200,200,False,,0.0,400,400
analog_17_10_16_sweet.png,17,10,16,sweet,200,200,True,154.48001098632812,0.0,400,400
analog_17_10_16_vue.png,17,10,16,vue,200,200,True,154.95999145507812,0.0,400,400
analog_17_10_16_wall.png,17,10,16,wall,200,200,True,126.76000213623047,0.0,400,400
analog_17_10_16_watch.png,17,10,16,watch,200,199,True,153.52000427246094,0.0,400,400
analog_17_12_45_3d.png,17,12,45,3d,199,200,True,153.8800048828125,0.0,400,400
analog_17_12_45_atc.png,17,12,45,atc,200,200,True,154.95999145507812,0.0,400,400
analog_17_12_45_design3.png,17,12,45,design3,200,200,True,148.1199951171875,0.0,400,400
analog_17_12_45_js30.png,17,12,45,js30,200,200,True,149.9199981689453,0.0,400,400
analog_17_12_45_orange.png,17,12,45,orange,200,199,True,158.32000732421875,0.0,400,400
analog_17_12_45_simple.png,17,12,45,simple,200,200,False,,0.0,400,400
analog_17_12_45_sweet.png,17,12,45,sweet,200,200,True,154.48001098632812,0.0,400,400
analog_17_12_45_vue.png,17,12,45,vue,200,200,True,154.95999145507812,0.0,400,400
analog_17_12_45_wall.png,17,12,45,wall,200,200,True,126.76000213623047,0.0,400,400
analog_17_12_45_watch.png,17,12,45,watch,200,199,True,153.52000427246094,0.0,400,400
analog_17_14_37_3d.png,17,14,37,3d,199,200,True,153.8800048828125,0.0,400,400
analog_17_14_37_atc.png,17,14,37,atc,200,200,True,154.95999145507812,0.0,400,400
analog_17_14_37_design3.png,17,14,37,design3,200,200,True,148.1199951171875,0.0,400,400
analog_17_14_37_js30.png,17,14,37,js30,200,200,True,149.9199981689453,0.0,400,400
analog_17_14_37_orange.png,17,14,37,orange,200,199,True,158.32000732421875,0.0,400,400
analog_17_14_37_simple.png,17,14,37,simple,200,200,False,,0.0,400,400
analog_17_14_37_sweet.png,17,14,37,sweet,200,200,True,154.48001098632812,0.0,400,400
analog_17_14_37_vue.png,17,14,37,vue,200,200,True,154.95999145507812,0.0,400,400
analog_17_14_37_wall.png,17,14,37,wall,200,200,True,126.76000213623047,0.0,400,400
analog_17_14_37_watch.png,17,14,37,watch,200,199,True,153.52000427246094,0.0,400,400
analog_17_19_59_3d.png,17,19,59,3d,199,200,True,153.8800048828125,0.0,400,400
analog_17_19_59_atc.png,17,19,59,atc,200,200,True,154.95999145507812,0.0,400,400
analog_17_19_59_design3.png,17,19,59,design3,200,200,True,148.1199951171875,0.0,400,400
analog_17_19_59_js30.png,17,19,59,js30,200,200,True,149.9199981689453,0.0,400,400
analog_17_19_59_orange.png,17,19,59,orange,200,199,True,158.32000732421875,0.0,400,400
analog_17_19_59_simple.png,17,19,59,simple,200,200,False,,0.0,400,400
analog_17_19_59_sweet.png,17,19,59,sweet,200,200,True,154.48001098632812,0.0,400,400
analog_17_19_59_vue.png,17,19,59,vue,200,200,True,154.95999145507812,0.0,400,400
analog_17_19_59_wall.png,17,19,59,wall,200,200,True,126.76000213623047,0.0,400,400
analog_17_19_59_watch.png,17,19,59,watch,200,199,True,153.52000427246094,0.0,400,400
analog_17_21_01_3d.png,17,21,1,3d,199,200,True,153.8800048828125,0.0,400,400
analog_17_21_01_atc.png,17,21,1,atc,200,200,True,154.95999145507812,0.0,400,400
analog_17_21_01_design3.png,17,21,1,design3,200,200,True,148.1199951171875,0.0,400,400
analog_17_21_01_js30.png,17,21,1,js30,200,200,True,149.9199981689453,0.0,400,400
analog_17_21_01_orange.png,17,21,1,orange,200,199,True,158.32000732421875,0.0,400,400
analog_17_21_01_simple.png,17,21,1,simple,356,146,True,165.27999877929688,0.0,400,400
analog_17_21_01_sweet.png,17,21,1,sweet,200,200,True,154.48001098632812,0.0,400,400
analog_17_21_01_vue.png,17,21,1,vue,200,200,True,154.95999145507812,0.0,400,400
analog_17_21_01_wall.png,17,21,1,wall,200,200,True,126.76000213623047,0.0,400,400
analog_17_21_01_watch.png,17,21,1,watch,200,199,True,153.52000427246094,0.0,400,400
analog_17_28_57_3d.png,17,28,57,3d,199,200,True,153.8800048828125,0.0,400,400
analog_17_28_57_atc.png,17,28,57,atc,200,200,True,154.95999145507812,0.0,400,400
analog_17_28_57_design3.png,17,28,57,design3,200,200,True,148.1199951171875,0.0,400,400
analog_17_28_57_js30.png,17,28,57,js30,200,200,True,149.9199981689453,0.0,400,400
analog_17_28_57_orange.png,17,28,57,orange,200,199,True,158.32000732421875,0.0,400,400
analog_17_28_57_simple.png,17,28,57,simple,200,200,False,,0.0,400,400
analog_17_28_57_sweet.png,17,28,57,sweet,200,200,True,154.48001098632812,0.0,400,400
analog_17_28_57_vue.png,17,28,57,vue,200,200,True,154.95999145507812,0.0,400,400
analog_17_28_57_wall.png,17,28,57,wall,200,200,True,126.76000213623047,0.0,400,400
analog_17_28_57_watch.png,17,28,57,watch,200,199,True,153.52000427246094,0.0,400,400
analog_17_38_20_3d.png,17,38,20,3d,199,200,True,153.8800048828125,0.0,400,400
analog_17_38_20_atc.png,17,38,20,atc,200,200,True,154.95999145507812,0.0,400,400
analog_17_38_20_design3.png,17,38,20,design3,200,200,True,148.1199951171875,0.0,400,400
analog_17_38_20_js30.png,17,38,20,js30,200,200,True,149.9199981689453,0.0,400,400
analog_17_38_20_orange.png,17,38,20,orange,200,199,True,158.32000732421875,0.0,400,400
analog_17_38_20_simple.png,17,38,20,simple,200,200,False,,0.0,400,400
analog_17_38_20_sweet.png,17,38,20,sweet,200,200,True,154.48001098632812,0.0,400,400
analog_17_38_20_vue.png,17,38,20,vue,200,200,True,154.95999145507812,0.0,400,400
analog_17_38_20_wall.png,17,38,20,wall,200,200,True,126.76000213623047,0.0,400,400
analog_17_38_20_watch.png,17,38,20,watch,200,199,True,153.52000427246094,0.0,400,400
analog_17_42_45_3d.png,17,42,45,3d,199,200,True,153.8800048828125,0.0,400,400
analog_17_42_45_atc.png,17,42,45,atc,200,200,True,154.95999145507812,0.0,400,400
analog_17_42_45_design3.png,17,42,45,design3,200,200,True,148.1199951171875,0.0,400,400
analog_17_42_45_js30.png,17,42,45,js30,200,200,True,149.9199981689453,0.0,400,400
analog_17_42_45_orange.png,17,42,45,orange,200,199,True,158.32000732421875,0.0,400,400
analog_17_42_45_simple.png,17,42,45,simple,200,200,False,,0.0,400,400
analog_17_42_45_sweet.png,17,42,45,sweet,200,200,True,154.48001098632812,0.0,400,400
analog_17_42_45_vue.png,17,42,45,vue,200,200,True,154.95999145507812,0.0,400,400
analog_17_42_45_wall.png,17,42,45,wall,200,200,True,126.76000213623047,0.0,400,400
analog_17_42_45_watch.png,17,42,45,watch,200,199,True,153.52000427246094,0.0,400,400
analog_17_43_46_3d.png,17,43,46,3d,199,200,True,153.8800048828125,0.0,400,400
analog_17_43_46_atc.png,17,43,46,atc,200,200,True,154.95999145507812,0.0,400,400
analog_17_43_46_design3.png,17,43,46,design3,200,200,True,148.1199951171875,0.0,400,400
analog_17_43_46_js30.png,17,43,46,js30,200,200,True,149.9199981689453,0.0,400,400
analog_17_43_46_orange.png,17,43,46,orange,200,199,True,158.32000732421875,0.0,400,400
analog_17_43_46_simple.png,17,43,46,simple,200,200,False,,0.0,400,400
analog_17_43_46_sweet.png,17,43,46,sweet,200,200,True,154.48001098632812,0.0,400,400
analog_17_43_46_vue.png,17,43,46,vue,200,200,True,154.95999145507812,0.0,400,400
analog_17_43_46_wall.png,17,43,46,wall,200,200,True,126.76000213623047,0.0,400,400
analog_17_43_46_watch.png,17,43,46,watch,200,199,True,153.52000427246094,0.0,400,400
analog_17_45_19_3d.png,17,45,19,3d,199,200,True,153.8800048828125,0.0,400,400
analog_17_45_19_atc.png,17,45,19,atc,200,200,True,154.95999145507812,0.0,400,400
analog_17_45_19_design3.png,17,45,19,design3,200,200,True,148.1199951171875,0.0,400,400
analog_17_45_19_js30.png,17,45,19,js30,200,200,True,149.9199981689453,0.0,400,400
analog_17_45_19_orange.png,17,45,19,orange,200,199,True,158.32000732421875,0.0,400,400
analog_17_45_19_simple.png,17,45,19,simple,200,200,False,,0.0,400,400
analog_17_45_19_sweet.png,17,45,19,sweet,200,200,True,154.48001098632812,0.0,400,400
analog_17_45_19_vue.png,17,45,19,vue,200,200,True,154.95999145507812,0.0,400,400
analog_17_45_19_wall.png,17,45,19,wall,200,200,True,126.76000213623047,0.0,400,400
analog_17_45_19_watch.png,17,45,19,watch,200,199,True,153.52000427246094,0.0,400,400
analog_17_45_27_3d.png,17,45,27,3d,199,200,True,153.8800048828125,0.0,400,400
analog_17_45_27_atc.png,17,45,27,atc,200,200,True,154.95999145507812,0.0,400,400
analog_17_45_27_design3.png,17,45,27,design3,200,200,True,148.1199951171875,0.0,400,400
analog_17_45_27_js30.png,17,45,27,js30,200,200,True,149.9199981689453,0.0,400,400
analog_17_45_27_orange.png,17,45,27,orange,200,199,True,158.32000732421875,0.0,400,400
analog_17_45_27_simple.png,17,45,27,simple,69,320,True,170.9199981689453,0.0,400,400
analog_17_45_27_sweet.png,17,45,27,sweet,200,200,True,154.48001098632812,0.0,400,400
analog_17_45_27_vue.png,17,45,27,vue,200,200,True,154.95999145507812,0.0,400,400
analog_17_45_27_wall.png,17,45,27,wall,200,200,True,126.76000213623047,0.0,400,400
analog_17_45_27_watch.png,17,45,27,watch,200,199,True,153.52000427246094,0.0,400,400
analog_17_48_46_3d.png,17,48,46,3d,199,200,True,153.8800048828125,0.0,400,400
analog_17_48_46_atc.png,17,48,46,atc,200,200,True,154.95999145507812,0.0,400,400
analog_17_48_46_design3.png,17,48,46,design3,200,200,True,148.1199951171875,0.0,400,400
analog_17_48_46_js30.png,17,48,46,js30,200,200,True,149.9199981689453,0.0,400,400
analog_17_48_46_orange.png,17,48,46,orange,200,199,True,158.32000732421875,0.0,400,400
analog_17_48_46_simple.png,17,48,46,simple,200,200,False,,0.0,400,400
analog_17_48_46_sweet.png,17,48,46,sweet,200,200,True,154.48001098632812,0.0,400,400
analog_17_48_46_vue.png,17,48,46,vue,200,200,True,154.95999145507812,0.0,400,400
analog_17_48_46_wall.png,17,48,46,wall,200,200,True,126.76000213623047,0.0,400,400
analog_17_48_46_watch.png,17,48,46,watch,200,199,True,153.52000427246094,0.0,400,400
analog_17_49_08_3d.png,17,49,8,3d,199,200,True,153.8800048828125,0.0,400,400
analog_17_49_08_atc.png,17,49,8,atc,200,200,True,154.95999145507812,0.0,400,400
analog_17_49_08_design3.png,17,49,8,design3,200,200,True,148.1199951171875,0.0,400,400
analog_17_49_08_js30.png,17,49,8,js30,200,200,True,149.9199981689453,0.0,400,400
analog_17_49_08_orange.png,17,49,8,orange,200,199,True,158.32000732421875,0.0,400,400
analog_17_49_08_simple.png,17,49,8,simple,200,200,False,,0.0,400,400
analog_17_49_08_sweet.png,17,49,8,sweet,200,200,True,154.48001098632812,0.0,400,400
analog_17_49_08_vue.png,17,49,8,vue,200,200,True,154.95999145507812,0.0,400,400
analog_17_49_08_wall.png,17,49,8,wall,200,200,True,126.76000213623047,0.0,400,400
analog_17_49_08_watch.png,17,49,8,watch,200,199,True,153.52000427246094,0.0,400,400
analog_17_49_30_3d.png,17,49,30,3d,199,200,True,153.8800048828125,0.0,400,400
analog_17_49_30_atc.png,17,49,30,atc,200,200,True,154.95999145507812,0.0,400,400
analog_17_49_30_design3.png,17,49,30,design3,200,200,True,148.1199951171875,0.0,400,400
analog_17_49_30_js30.png,17,49,30,js30,200,200,True,149.9199981689453,0.0,400,400
analog_17_49_30_orange.png,17,49,30,orange,200,199,True,158.32000732421875,0.0,400,400
analog_17_49_30_simple.png,17,49,30,simple,73,295,True,141.27999877929688,0.0,400,400
analog_17_49_30_sweet.png,17,49,30,sweet,200,200,True,154.48001098632812,0.0,400,400
analog_17_49_30_vue.png,17,49,30,vue,200,200,True,154.95999145507812,0.0,400,400
analog_17_49_30_wall.png,17,49,30,wall,200,200,True,126.76000213623047,0.0,400,400
analog_17_49_30_watch.png,17,49,30,watch,200,199,True,153.52000427246094,0.0,400,400
analog_17_55_00_3d.png,17,55,0,3d,199,200,True,153.8800048828125,0.0,400,400
analog_17_55_00_atc.png,17,55,0,atc,200,200,True,154.95999145507812,0.0,400,400
analog_17_55_00_design3.png,17,55,0,design3,200,200,True,148.1199951171875,0.0,400,400
analog_17_55_00_js30.png,17,55,0,js30,200,200,True,149.9199981689453,0.0,400,400
analog_17_55_00_orange.png,17,55,0,orange,200,199,True,158.32000732421875,0.0,400,400
analog_17_55_00_simple.png,17,55,0,simple,200,200,False,,0.0,400,400
analog_17_55_00_sweet.png,17,55,0,sweet,200,200,True,154.48001098632812,0.0,400,400
analog_17_55_00_vue.png,17,55,0,vue,200,200,True,154.95999145507812,0.0,400,400
analog_17_55_00_wall.png,17,55,0,wall,200,200,True,126.76000213623047,0.0,400,400
analog_17_55_00_watch.png,17,55,0,watch,200,199,True,153.52000427246094,0.0,400,400
analog_17_56_55_3d.png,17,56,55,3d,199,200,True,153.8800048828125,0.0,400,400
analog_17_56_55_atc.png,17,56,55,atc,200,200,True,154.95999145507812,0.0,400,400
analog_17_56_55_design3.png,17,56,55,design3,200,200,True,148.1199951171875,0.0,400,400
analog_17_56_55_js30.png,17,56,55,js30,200,200,True,149.9199981689453,0.0,400,400
analog_17_56_55_orange.png,17,56,55,orange,200,199,True,158.32000732421875,0.0,400,400
analog_17_56_55_simple.png,17,56,55,simple,200,200,False,,0.0,400,400
analog_17_56_55_sweet.png,17,56,55,sweet,200,200,True,154.48001098632812,0.0,400,400
analog_17_56_55_vue.png,17,56,55,vue,200,200,True,154.95999145507812,0.0,400,400
analog_17_56_55_wall.png,17,56,55,wall,200,200,True,126.76000213623047,0.0,400,400
analog_17_56_55_watch.png,17,56,55,watch,200,199,True,153.52000427246094,0.0,400,400
analog_18_00_00_3d.png,18,0,0,3d,199,200,True,153.8800048828125,0.0,400,400
analog_18_00_00_atc.png,18,0,0,atc,200,200,True,154.95999145507812,0.0,400,400
analog_18_00_00_design3.png,18,0,0,design3,200,200,True,148.1199951171875,0.0,400,400
analog_18_00_00_js30.png,18,0,0,js30,200,200,True,149.9199981689453,0.0,400,400
analog_18_00_00_orange.png,18,0,0,orange,200,199,True,158.32000732421875,0.0,400,400
analog_18_00_00_simple.png,18,0,0,simple,200,200,False,,0.0,400,400
analog_18_00_00_sweet.png,18,0,0,sweet,200,200,True,154.48001098632812,0.0,400,400
analog_18_00_00_vue.png,18,0,0,vue,200,200,True,154.95999145507812,0.0,400,400
analog_18_00_00_wall.png,18,0,0,wall,200,200,True,126.76000213623047,0.0,400,400
analog_18_00_00_watch.png,18,0,0,watch,200,199,True,153.52000427246094,0.0,400,400
analog_18_01_59_3d.png,18,1,59,3d,199,200,True,153.8800048828125,0.0,400,400
analog_18_01_59_atc.png,18,1,59,atc,200,200,True,154.95999145507812,0.0,400,400
analog_18_01_59_design3.png,18,1,59,design3,200,200,True,148.1199951171875,0.0,400,400
analog_18_01_59_js30.png,18,1,59,js30,200,200,True,149.9199981689453,0.0,400,400
analog_18_01_59_orange.png,18,1,59,orange,200,199,True,158.32000732421875,0.0,400,400
analog_18_01_59_simple.png,18,1,59,simple,200,200,False,,0.0,400,400
analog_18_01_59_sweet.png,18,1,59,sweet,200,200,True,154.48001098632812,0.0,400,400
analog_18_01_59_vue.png,18,1,59,vue,200,200,True,154.95999145507812,0.0,400,400
analog_18_01_59_wall.png,18,1,59,wall,200,200,True,126.76000213623047,0.0,400,400
analog_18_01_59_watch.png,18,1,59,watch,200,199,True,153.52000427246094,0.0,400,400
analog_18_12_16_3d.png,18,12,16,3d,199,200,True,153.8800048828125,0.0,400,400
analog_18_12_16_atc.png,18,12,16,atc,200,200,True,154.95999145507812,0.0,400,400
analog_18_12_16_design3.png,18,12,16,design3,200,200,True,148.1199951171875,0.0,400,400
analog_18_12_16_js30.png,18,12,16,js30,200,200,True,149.9199981689453,0.0,400,400
analog_18_12_16_orange.png,18,12,16,orange,200,199,True,158.32000732421875,0.0,400,400
analog_18_12_16_simple.png,18,12,16,simple,200,200,False,,0.0,400,400
analog_18_12_16_sweet.png,18,12,16,sweet,200,200,True,154.48001098632812,0.0,400,400
analog_18_12_16_vue.png,18,12,16,vue,200,200,True,154.95999145507812,0.0,400,400
analog_18_12_16_wall.png,18,12,16,wall,200,200,True,126.76000213623047,0.0,400,400
analog_18_12_16_watch.png,18,12,16,watch,200,199,True,153.52000427246094,0.0,400,400
analog_18_15_37_3d.png,18,15,37,3d,199,200,True,153.8800048828125,0.0,400,400
analog_18_15_37_atc.png,18,15,37,atc,200,200,True,154.95999145507812,0.0,400,400
analog_18_15_37_design3.png,18,15,37,design3,200,200,True,148.1199951171875,0.0,400,400
analog_18_15_37_js30.png,18,15,37,js30,200,200,True,149.9199981689453,0.0,400,400
analog_18_15_37_orange.png,18,15,37,orange,200,199,True,158.32000732421875,0.0,400,400
analog_18_15_37_simple.png,18,15,37,simple,200,200,False,,0.0,400,400
analog_18_15_37_sweet.png,18,15,37,sweet,200,200,True,154.48001098632812,0.0,400,400
analog_18_15_37_vue.png,18,15,37,vue,200,200,True,154.95999145507812,0.0,400,400
analog_18_15_37_wall.png,18,15,37,wall,200,200,True,126.76000213623047,0.0,400,400
analog_18_15_37_watch.png,18,15,37,watch,200,199,True,153.52000427246094,0.0,400,400
analog_18_17_51_3d.png,18,17,51,3d,199,200,True,153.8800048828125,0.0,400,400
analog_18_17_51_atc.png,18,17,51,atc,200,200,True,154.95999145507812,0.0,400,400
analog_18_17_51_design3.png,18,17,51,design3,200,200,True,148.1199951171875,0.0,400,400
analog_18_17_51_js30.png,18,17,51,js30,200,200,True,149.9199981689453,0.0,400,400
analog_18_17_51_orange.png,18,17,51,orange,200,199,True,158.32000732421875,0.0,400,400
analog_18_17_51_simple.png,18,17,51,simple,200,200,False,,0.0,400,400
analog_18_17_51_sweet.png,18,17,51,sweet,200,200,True,154.48001098632812,0.0,400,400
analog_18_17_51_vue.png,18,17,51,vue,200,200,True,154.95999145507812,0.0,400,400
analog_18_17_51_wall.png,18,17,51,wall,200,200,True,126.76000213623047,0.0,400,400
analog_18_17_51_watch.png,18,17,51,watch,200,199,True,153.52000427246094,0.0,400,400
analog_18_24_30_3d.png,18,24,30,3d,199,200,True,153.8800048828125,0.0,400,400
analog_18_24_30_atc.png,18,24,30,atc,200,200,True,154.95999145507812,0.0,400,400
analog_18_24_30_design3.png,18,24,30,design3,200,200,True,148.1199951171875,0.0,400,400
analog_18_24_30_js30.png,18,24,30,js30,200,200,True,149.9199981689453,0.0,400,400
analog_18_24_30_orange.png,18,24,30,orange,200,199,True,158.32000732421875,0.0,400,400
analog_18_24_30_simple.png,18,24,30,simple,200,200,False,,0.0,400,400
analog_18_24_30_sweet.png,18,24,30,sweet,200,200,True,154.48001098632812,0.0,400,400
analog_18_24_30_vue.png,18,24,30,vue,200,200,True,154.95999145507812,0.0,400,400
analog_18_24_30_wall.png,18,24,30,wall,200,200,True,126.76000213623047,0.0,400,400
analog_18_24_30_watch.png,18,24,30,watch,200,199,True,153.52000427246094,0.0,400,400
analog_18_36_30_3d.png,18,36,30,3d,199,200,True,153.8800048828125,0.0,400,400
analog_18_36_30_atc.png,18,36,30,atc,200,200,True,154.95999145507812,0.0,400,400
analog_18_36_30_design3.png,18,36,30,design3,200,200,True,148.1199951171875,0.0,400,400
analog_18_36_30_js30.png,18,36,30,js30,200,200,True,149.9199981689453,0.0,400,400
analog_18_36_30_orange.png,18,36,30,orange,200,199,True,158.32000732421875,0.0,400,400
analog_18_36_30_simple.png,18,36,30,simple,200,200,False,,0.0,400,400
analog_18_36_30_sweet.png,18,36,30,sweet,200,200,True,154.48001098632812,0.0,400,400
analog_18_36_30_vue.png,18,36,30,vue,200,200,True,154.95999145507812,0.0,400,400
analog_18_36_30_wall.png,18,36,30,wall,200,200,True,126.76000213623047,0.0,400,400
analog_18_36_30_watch.png,18,36,30,watch,200,199,True,153.52000427246094,0.0,400,400
analog_18_36_33_3d.png,18,36,33,3d,199,200,True,153.8800048828125,0.0,400,400
analog_18_36_33_atc.png,18,36,33,atc,200,200,True,154.95999145507812,0.0,400,400
analog_18_36_33_design3.png,18,36,33,design3,200,200,True,148.1199951171875,0.0,400,400
analog_18_36_33_js30.png,18,36,33,js30,200,200,True,149.9199981689453,0.0,400,400
analog_18_36_33_orange.png,18,36,33,orange,200,199,True,158.32000732421875,0.0,400,400
analog_18_36_33_simple.png,18,36,33,simple,200,200,False,,0.0,400,400
analog_18_36_33_sweet.png,18,36,33,sweet,200,200,True,154.48001098632812,0.0,400,400
analog_18_36_33_vue.png,18,36,33,vue,200,200,True,154.95999145507812,0.0,400,400
analog_18_36_33_wall.png,18,36,33,wall,200,200,True,126.76000213623047,0.0,400,400
analog_18_36_33_watch.png,18,36,33,watch,200,199,True,153.52000427246094,0.0,400,400
analog_18_38_41_3d.png,18,38,41,3d,199,200,True,153.8800048828125,0.0,400,400
analog_18_38_41_atc.png,18,38,41,atc,200,200,True,154.95999145507812,0.0,400,400
analog_18_38_41_design3.png,18,38,41,design3,200,200,True,148.1199951171875,0.0,400,400
analog_18_38_41_js30.png,18,38,41,js30,200,200,True,149.9199981689453,0.0,400,400
analog_18_38_41_orange.png,18,38,41,orange,200,199,True,158.32000732421875,0.0,400,400
analog_18_38_41_simple.png,18,38,41,simple,200,200,False,,0.0,400,400
analog_18_38_41_sweet.png,18,38,41,sweet,200,200,True,154.48001098632812,0.0,400,400
analog_18_38_41_vue.png,18,38,41,vue,200,200,True,154.95999145507812,0.0,400,400
analog_18_38_41_wall.png,18,38,41,wall,200,200,True,126.76000213623047,0.0,400,400
analog_18_38_41_watch.png,18,38,41,watch,200,199,True,153.52000427246094,0.0,400,400
analog_18_44_01_3d.png,18,44,1,3d,199,200,True,153.8800048828125,0.0,400,400
analog_18_44_01_atc.png,18,44,1,atc,200,200,True,154.95999145507812,0.0,400,400
analog_18_44_01_design3.png,18,44,1,design3,200,200,True,148.1199951171875,0.0,400,400
analog_18_44_01_js30.png,18,44,1,js30,200,200,True,149.9199981689453,0.0,400,400
analog_18_44_01_orange.png,18,44,1,orange,200,199,True,158.32000732421875,0.0,400,400
analog_18_44_01_simple.png,18,44,1,simple,200,200,False,,0.0,400,400
analog_18_44_01_sweet.png,18,44,1,sweet,200,200,True,154.48001098632812,0.0,400,400
analog_18_44_01_vue.png,18,44,1,vue,200,200,True,154.95999145507812,0.0,400,400
analog_18_44_01_wall.png,18,44,1,wall,200,200,True,126.76000213623047,0.0,400,400
analog_18_44_01_watch.png,18,44,1,watch,200,199,True,153.52000427246094,0.0,400,400
analog_18_47_34_3d.png,18,47,34,3d,199,200,True,153.8800048828125,0.0,400,400
analog_18_47_34_atc.png,18,47,34,atc,200,200,True,154.95999145507812,0.0,400,400
analog_18_47_34_design3.png,18,47,34,design3,200,200,True,148.1199951171875,0.0,400,400
analog_18_47_34_js30.png,18,47,34,js30,200,200,True,149.9199981689453,0.0,400,400
analog_18_47_34_orange.png,18,47,34,orange,200,199,True,158.32000732421875,0.0,400,400
analog_18_47_34_simple.png,18,47,34,simple,200,200,False,,0.0,400,400
analog_18_47_34_sweet.png,18,47,34,sweet,200,200,True,154.48001098632812,0.0,400,400
analog_18_47_34_vue.png,18,47,34,vue,200,200,True,154.95999145507812,0.0,400,400
analog_18_47_34_wall.png,18,47,34,wall,200,200,True,126.76000213623047,0.0,400,400
analog_18_47_34_watch.png,18,47,34,watch,200,199,True,153.52000427246094,0.0,400,400
analog_18_50_02_3d.png,18,50,2,3d,199,200,True,153.8800048828125,0.0,400,400
analog_18_50_02_atc.png,18,50,2,atc,200,200,True,154.95999145507812,0.0,400,400
analog_18_50_02_design3.png,18,50,2,design3,200,200,True,148.1199951171875,0.0,400,400
analog_18_50_02_js30.png,18,50,2,js30,200,200,True,149.9199981689453,0.0,400,400
analog_18_50_02_orange.png,18,50,2,orange,200,199,True,158.32000732421875,0.0,400,400
analog_18_50_02_simple.png,18,50,2,simple,200,200,False,,0.0,400,400
analog_18_50_02_sweet.png,18,50,2,sweet,200,200,True,154.48001098632812,0.0,400,400
analog_18_50_02_vue.png,18,50,2,vue,200,200,True,154.95999145507812,0.0,400,400
analog_18_50_02_wall.png,18,50,2,wall,200,200,True,126.76000213623047,0.0,400,400
analog_18_50_02_watch.png,18,50,2,watch,200,199,True,153.52000427246094,0.0,400,400
analog_19_00_00_3d.png,19,0,0,3d,199,200,True,153.8800048828125,0.0,400,400
analog_19_00_00_atc.png,19,0,0,atc,200,200,True,154.95999145507812,0.0,400,400
analog_19_00_00_design3.png,19,0,0,design3,200,200,True,148.1199951171875,0.0,400,400
analog_19_00_00_js30.png,19,0,0,js30,200,200,True,149.9199981689453,0.0,400,400
analog_19_00_00_orange.png,19,0,0,orange,200,199,True,158.32000732421875,0.0,400,400
analog_19_00_00_simple.png,19,0,0,simple,200,200,False,,0.0,400,400
analog_19_00_00_sweet.png,19,0,0,sweet,200,200,True,154.48001098632812,0.0,400,400
analog_19_00_00_vue.png,19,0,0,vue,200,200,True,154.95999145507812,0.0,400,400
analog_19_00_00_wall.png,19,0,0,wall,200,200,True,126.76000213623047,0.0,400,400
analog_19_00_00_watch.png,19,0,0,watch,200,199,True,153.52000427246094,0.0,400,400
analog_19_02_39_3d.png,19,2,39,3d,199,200,True,153.8800048828125,0.0,400,400
analog_19_02_39_atc.png,19,2,39,atc,200,200,True,154.95999145507812,0.0,400,400
analog_19_02_39_design3.png,19,2,39,design3,200,200,True,148.1199951171875,0.0,400,400
analog_19_02_39_js30.png,19,2,39,js30,200,200,True,149.9199981689453,0.0,400,400
analog_19_02_39_orange.png,19,2,39,orange,200,199,True,158.32000732421875,0.0,400,400
analog_19_02_39_simple.png,19,2,39,simple,17,129,True,190.48001098632812,0.0,400,400
analog_19_02_39_sweet.png,19,2,39,sweet,200,200,True,154.48001098632812,0.0,400,400
analog_19_02_39_vue.png,19,2,39,vue,200,200,True,154.95999145507812,0.0,400,400
analog_19_02_39_wall.png,19,2,39,wall,200,200,True,126.76000213623047,0.0,400,400
analog_19_02_39_watch.png,19,2,39,watch,200,199,True,153.52000427246094,0.0,400,400
analog_19_13_45_3d.png,19,13,45,3d,199,200,True,153.8800048828125,0.0,400,400
analog_19_13_45_atc.png,19,13,45,atc,200,200,True,154.95999145507812,0.0,400,400
analog_19_13_45_design3.png,19,13,45,design3,200,200,True,148.1199951171875,0.0,400,400
analog_19_13_45_js30.png,19,13,45,js30,200,200,True,149.9199981689453,0.0,400,400
analog_19_13_45_orange.png,19,13,45,orange,200,199,True,158.32000732421875,0.0,400,400
analog_19_13_45_simple.png,19,13,45,simple,200,200,False,,0.0,400,400
analog_19_13_45_sweet.png,19,13,45,sweet,200,200,True,154.48001098632812,0.0,400,400
analog_19_13_45_vue.png,19,13,45,vue,200,200,True,154.95999145507812,0.0,400,400
analog_19_13_45_wall.png,19,13,45,wall,200,200,True,126.76000213623047,0.0,400,400
analog_19_13_45_watch.png,19,13,45,watch,200,199,True,153.52000427246094,0.0,400,400
analog_19_20_31_3d.png,19,20,31,3d,199,200,True,153.8800048828125,0.0,400,400
analog_19_20_31_atc.png,19,20,31,atc,200,200,True,154.95999145507812,0.0,400,400
analog_19_20_31_design3.png,19,20,31,design3,200,200,True,148.1199951171875,0.0,400,400
analog_19_20_31_js30.png,19,20,31,js30,200,200,True,149.9199981689453,0.0,400,400
analog_19_20_31_orange.png,19,20,31,orange,200,199,True,158.32000732421875,0.0,400,400
analog_19_20_31_simple.png,19,20,31,simple,200,200,False,,0.0,400,400
analog_19_20_31_sweet.png,19,20,31,sweet,200,200,True,154.48001098632812,0.0,400,400
analog_19_20_31_vue.png,19,20,31,vue,200,200,True,154.95999145507812,0.0,400,400
analog_19_20_31_wall.png,19,20,31,wall,200,200,True,126.76000213623047,0.0,400,400
analog_19_20_31_watch.png,19,20,31,watch,200,199,True,153.52000427246094,0.0,400,400
analog_19_34_01_3d.png,19,34,1,3d,199,200,True,153.8800048828125,0.0,400,400
analog_19_34_01_atc.png,19,34,1,atc,200,200,True,154.95999145507812,0.0,400,400
analog_19_34_01_design3.png,19,34,1,design3,200,200,True,148.1199951171875,0.0,400,400
analog_19_34_01_js30.png,19,34,1,js30,200,200,True,149.9199981689453,0.0,400,400
analog_19_34_01_orange.png,19,34,1,orange,200,199,True,158.32000732421875,0.0,400,400
analog_19_34_01_simple.png,19,34,1,simple,345,286,True,166.83999633789062,0.0,400,400
analog_19_34_01_sweet.png,19,34,1,sweet,200,200,True,154.48001098632812,0.0,400,400
analog_19_34_01_vue.png,19,34,1,vue,200,200,True,154.95999145507812,0.0,400,400
analog_19_34_01_wall.png,19,34,1,wall,200,200,True,126.76000213623047,0.0,400,400
analog_19_34_01_watch.png,19,34,1,watch,200,199,True,153.52000427246094,0.0,400,400
analog_19_36_06_3d.png,19,36,6,3d,199,200,True,153.8800048828125,0.0,400,400
analog_19_36_06_atc.png,19,36,6,atc,200,200,True,154.95999145507812,0.0,400,400
analog_19_36_06_design3.png,19,36,6,design3,200,200,True,148.1199951171875,0.0,400,400
analog_19_36_06_js30.png,19,36,6,js30,200,200,True,149.9199981689453,0.0,400,400
analog_19_36_06_orange.png,19,36,6,orange,200,199,True,158.32000732421875,0.0,400,400
analog_19_36_06_simple.png,19,36,6,simple,200,200,False,,0.0,400,400
analog_19_36_06_sweet.png,19,36,6,sweet,200,200,True,154.48001098632812,0.0,400,400
analog_19_36_06_vue.png,19,36,6,vue,200,200,True,154.95999145507812,0.0,400,400
analog_19_36_06_wall.png,19,36,6,wall,200,200,True,126.76000213623047,0.0,400,400
analog_19_36_06_watch.png,19,36,6,watch,200,199,True,153.52000427246094,0.0,400,400
analog_19_36_19_3d.png,19,36,19,3d,199,200,True,153.8800048828125,0.0,400,400
analog_19_36_19_atc.png,19,36,19,atc,200,200,True,154.95999145507812,0.0,400,400
analog_19_36_19_design3.png,19,36,19,design3,200,200,True,148.1199951171875,0.0,400,400
analog_19_36_19_js30.png,19,36,19,js30,200,200,True,149.9199981689453,0.0,400,400
analog_19_36_19_orange.png,19,36,19,orange,200,199,True,158.32000732421875,0.0,400,400
analog_19_36_19_simple.png,19,36,19,simple,200,200,False,,0.0,400,400
analog_19_36_19_sweet.png,19,36,19,sweet,200,200,True,154.48001098632812,0.0,400,400
analog_19_36_19_vue.png,19,36,19,vue,200,200,True,154.95999145507812,0.0,400,400
analog_19_36_19_wall.png,19,36,19,wall,200,200,True,126.76000213623047,0.0,400,400
analog_19_36_19_watch.png,19,36,19,watch,200,199,True,153.52000427246094,0.0,400,400
analog_19_44_56_3d.png,19,44,56,3d,199,200,True,153.8800048828125,0.0,400,400
analog_19_44_56_atc.png,19,44,56,atc,200,200,True,154.95999145507812,0.0,400,400
analog_19_44_56_design3.png,19,44,56,design3,200,200,True,148.1199951171875,0.0,400,400
analog_19_44_56_js30.png,19,44,56,js30,200,200,True,149.9199981689453,0.0,400,400
analog_19_44_56_orange.png,19,44,56,orange,200,199,True,158.32000732421875,0.0,400,400
analog_19_44_56_simple.png,19,44,56,simple,200,200,False,,0.0,400,400
analog_19_44_56_sweet.png,19,44,56,sweet,200,200,True,154.48001098632812,0.0,400,400
analog_19_44_56_vue.png,19,44,56,vue,200,200,True,154.95999145507812,0.0,400,400
analog_19_44_56_wall.png,19,44,56,wall,200,200,True,126.76000213623047,0.0,400,400
analog_19_44_56_watch.png,19,44,56,watch,200,199,True,153.52000427246094,0.0,400,400
analog_19_51_07_3d.png,19,51,7,3d,199,200,True,153.8800048828125,0.0,400,400
analog_19_51_07_atc.png,19,51,7,atc,200,200,True,154.95999145507812,0.0,400,400
analog_19_51_07_design3.png,19,51,7,design3,200,200,True,148.1199951171875,0.0,400,400
analog_19_51_07_js30.png,19,51,7,js30,200,200,True,149.9199981689453,0.0,400,400
analog_19_51_07_orange.png,19,51,7,orange,200,199,True,158.32000732421875,0.0,400,400
analog_19_51_07_simple.png,19,51,7,simple,200,200,False,,0.0,400,400
analog_19_51_07_sweet.png,19,51,7,sweet,200,200,True,154.48001098632812,0.0,400,400
analog_19_51_07_vue.png,19,51,7,vue,200,200,True,154.95999145507812,0.0,400,400
analog_19_51_07_wall.png,19,51,7,wall,200,200,True,126.76000213623047,0.0,400,400
analog_19_51_07_watch.png,19,51,7,watch,200,199,True,153.52000427246094,0.0,400,400
analog_19_51_41_3d.png,19,51,41,3d,199,200,True,153.8800048828125,0.0,400,400
analog_19_51_41_atc.png,19,51,41,atc,200,200,True,154.95999145507812,0.0,400,400
analog_19_51_41_design3.png,19,51,41,design3,200,200,True,148.1199951171875,0.0,400,400
analog_19_51_41_js30.png,19,51,41,js30,200,200,True,149.9199981689453,0.0,400,400
analog_19_51_41_orange.png,19,51,41,orange,200,199,True,158.32000732421875,0.0,400,400
analog_19_51_41_simple.png,19,51,41,simple,200,200,False,,0.0,400,400
analog_19_51_41_sweet.png,19,51,41,sweet,200,200,True,154.48001098632812,0.0,400,400
analog_19_51_41_vue.png,19,51,41,vue,200,200,True,154.95999145507812,0.0,400,400
analog_19_51_41_wall.png,19,51,41,wall,200,200,True,126.76000213623047,0.0,400,400
analog_19_51_41_watch.png,19,51,41,watch,200,199,True,153.52000427246094,0.0,400,400
analog_19_51_58_3d.png,19,51,58,3d,199,200,True,153.8800048828125,0.0,400,400
analog_19_51_58_atc.png,19,51,58,atc,200,200,True,154.95999145507812,0.0,400,400
analog_19_51_58_design3.png,19,51,58,design3,200,200,True,148.1199951171875,0.0,400,400
analog_19_51_58_js30.png,19,51,58,js30,200,200,True,149.9199981689453,0.0,400,400
analog_19_51_58_orange.png,19,51,58,orange,200,199,True,158.32000732421875,0.0,400,400
analog_19_51_58_simple.png,19,51,58,simple,200,200,False,,0.0,400,400
analog_19_51_58_sweet.png,19,51,58,sweet,200,200,True,154.48001098632812,0.0,400,400
analog_19_51_58_vue.png,19,51,58,vue,200,200,True,154.95999145507812,0.0,400,400
analog_19_51_58_wall.png,19,51,58,wall,200,200,True,126.76000213623047,0.0,400,400
analog_19_51_58_watch.png,19,51,58,watch,200,199,True,153.52000427246094,0.0,400,400
analog_19_56_55_3d.png,19,56,55,3d,199,200,True,153.8800048828125,0.0,400,400
analog_19_56_55_atc.png,19,56,55,atc,200,200,True,154.95999145507812,0.0,400,400
analog_19_56_55_design3.png,19,56,55,design3,200,200,True,148.1199951171875,0.0,400,400
analog_19_56_55_js30.png,19,56,55,js30,200,200,True,149.9199981689453,0.0,400,400
analog_19_56_55_orange.png,19,56,55,orange,200,199,True,158.32000732421875,0.0,400,400
analog_19_56_55_simple.png,19,56,55,simple,61,187,True,124.5999984741211,0.0,400,400
analog_19_56_55_sweet.png,19,56,55,sweet,200,200,True,154.48001098632812,0.0,400,400
analog_19_56_55_vue.png,19,56,55,vue,200,200,True,154.95999145507812,0.0,400,400
analog_19_56_55_wall.png,19,56,55,wall,200,200,True,126.76000213623047,0.0,400,400
analog_19_56_55_watch.png,19,56,55,watch,200,199,True,153.52000427246094,0.0,400,400
analog_19_57_14_3d.png,19,57,14,3d,199,200,True,153.8800048828125,0.0,400,400
analog_19_57_14_atc.png,19,57,14,atc,200,200,True,154.95999145507812,0.0,400,400
analog_19_57_14_design3.png,19,57,14,design3,200,200,True,148.1199951171875,0.0,400,400
analog_19_57_14_js30.png,19,57,14,js30,200,200,True,149.9199981689453,0.0,400,400
analog_19_57_14_orange.png,19,57,14,orange,200,199,True,158.32000732421875,0.0,400,400
analog_19_57_14_simple.png,19,57,14,simple,200,200,False,,0.0,400,400
analog_19_57_14_sweet.png,19,57,14,sweet,200,200,True,154.48001098632812,0.0,400,400
analog_19_57_14_vue.png,19,57,14,vue,200,200,True,154.95999145507812,0.0,400,400
analog_19_57_14_wall.png,19,57,14,wall,200,200,True,126.76000213623047,0.0,400,400
analog_19_57_14_watch.png,19,57,14,watch,200,199,True,153.52000427246094,0.0,400,400
analog_20_00_00_3d.png,20,0,0,3d,199,200,True,153.8800048828125,0.0,400,400
analog_20_00_00_atc.png,20,0,0,atc,200,200,True,154.95999145507812,0.0,400,400
analog_20_00_00_design3.png,20,0,0,design3,200,200,True,148.1199951171875,0.0,400,400
analog_20_00_00_js30.png,20,0,0,js30,200,200,True,149.9199981689453,0.0,400,400
analog_20_00_00_orange.png,20,0,0,orange,200,199,True,158.32000732421875,0.0,400,400
analog_20_00_00_simple.png,20,0,0,simple,200,200,False,,0.0,400,400
analog_20_00_00_sweet.png,20,0,0,sweet,200,200,True,154.48001098632812,0.0,400,400
analog_20_00_00_vue.png,20,0,0,vue,200,200,True,154.95999145507812,0.0,400,400
analog_20_00_00_wall.png,20,0,0,wall,200,200,True,126.76000213623047,0.0,400,400
analog_20_00_00_watch.png,20,0,0,watch,200,199,True,153.52000427246094,0.0,400,400
analog_20_04_38_3d.png,20,4,38,3d,199,200,True,153.8800048828125,0.0,400,400
analog_20_04_38_atc.png,20,4,38,atc,200,200,True,154.95999145507812,0.0,400,400
analog_20_04_38_design3.png,20,4,38,design3,200,200,True,148.1199951171875,0.0,400,400
analog_20_04_38_js30.png,20,4,38,js30,200,200,True,149.9199981689453,0.0,400,400
analog_20_04_38_orange.png,20,4,38,orange,200,199,True,158.32000732421875,0.0,400,400
analog_20_04_38_simple.png,20,4,38,simple,71,134,True,136.9600067138672,0.0,400,400
analog_20_04_38_sweet.png,20,4,38,sweet,200,200,True,154.48001098632812,0.0,400,400
analog_20_04_38_vue.png,20,4,38,vue,200,200,True,154.95999145507812,0.0,400,400
analog_20_04_38_wall.png,20,4,38,wall,200,200,True,126.76000213623047,0.0,400,400
analog_20_04_38_watch.png,20,4,38,watch,200,199,True,153.52000427246094,0.0,400,400
analog_20_06_03_3d.png,20,6,3,3d,199,200,True,153.8800048828125,0.0,400,400
analog_20_06_03_atc.png,20,6,3,atc,200,200,True,154.95999145507812,0.0,400,400
analog_20_06_03_design3.png,20,6,3,design3,200,200,True,148.1199951171875,0.0,400,400
analog_20_06_03_js30.png,20,6,3,js30,200,200,True,149.9199981689453,0.0,400,400
analog_20_06_03_orange.png,20,6,3,orange,200,199,True,158.32000732421875,0.0,400,400
analog_20_06_03_simple.png,20,6,3,simple,87,58,True,176.9199981689453,0.0,400,400
analog_20_06_03_sweet.png,20,6,3,sweet,200,200,True,154.48001098632812,0.0,400,400
analog_20_06_03_vue.png,20,6,3,vue,200,200,True,154.95999145507812,0.0,400,400
analog_20_06_03_wall.png,20,6,3,wall,200,200,True,126.76000213623047,0.0,400,400
analog_20_06_03_watch.png,20,6,3,watch,200,199,True,153.52000427246094,0.0,400,400
analog_20_07_01_3d.png,20,7,1,3d,199,200,True,153.8800048828125,0.0,400,400
analog_20_07_01_atc.png,20,7,1,atc,200,200,True,154.95999145507812,0.0,400,400
analog_20_07_01_design3.png,20,7,1,design3,200,200,True,148.1199951171875,0.0,400,400
analog_20_07_01_js30.png,20,7,1,js30,200,200,True,149.9199981689453,0.0,400,400
analog_20_07_01_orange.png,20,7,1,orange,200,199,True,158.32000732421875,0.0,400,400
analog_20_07_01_simple.png,20,7,1,simple,200,200,False,,0.0,400,400
analog_20_07_01_sweet.png,20,7,1,sweet,200,200,True,154.48001098632812,0.0,400,400
analog_20_07_01_vue.png,20,7,1,vue,200,200,True,154.95999145507812,0.0,400,400
analog_20_07_01_wall.png,20,7,1,wall,200,200,True,126.76000213623047,0.0,400,400
analog_20_07_01_watch.png,20,7,1,watch,200,199,True,153.52000427246094,0.0,400,400
analog_20_10_34_3d.png,20,10,34,3d,199,200,True,153.8800048828125,0.0,400,400
analog_20_10_34_atc.png,20,10,34,atc,200,200,True,154.95999145507812,0.0,400,400
analog_20_10_34_design3.png,20,10,34,design3,200,200,True,148.1199951171875,0.0,400,400
analog_20_10_34_js30.png,20,10,34,js30,200,200,True,149.9199981689453,0.0,400,400
analog_20_10_34_orange.png,20,10,34,orange,200,199,True,158.32000732421875,0.0,400,400
analog_20_10_34_simple.png,20,10,34,simple,200,200,False,,0.0,400,400
analog_20_10_34_sweet.png,20,10,34,sweet,200,200,True,154.48001098632812,0.0,400,400
analog_20_10_34_vue.png,20,10,34,vue,200,200,True,154.95999145507812,0.0,400,400
analog_20_10_34_wall.png,20,10,34,wall,200,200,True,126.76000213623047,0.0,400,400
analog_20_10_34_watch.png,20,10,34,watch,200,199,True,153.52000427246094,0.0,400,400
analog_20_19_29_3d.png,20,19,29,3d,199,200,True,153.8800048828125,0.0,400,400
analog_20_19_29_atc.png,20,19,29,atc,200,200,True,154.95999145507812,0.0,400,400
analog_20_19_29_design3.png,20,19,29,design3,200,200,True,148.1199951171875,0.0,400,400
analog_20_19_29_js30.png,20,19,29,js30,200,200,True,149.9199981689453,0.0,400,400
analog_20_19_29_orange.png,20,19,29,orange,200,199,True,158.32000732421875,0.0,400,400
analog_20_19_29_simple.png,20,19,29,simple,200,200,False,,0.0,400,400
analog_20_19_29_sweet.png,20,19,29,sweet,200,200,True,154.48001098632812,0.0,400,400
analog_20_19_29_vue.png,20,19,29,vue,200,200,True,154.95999145507812,0.0,400,400
analog_20_19_29_wall.png,20,19,29,wall,200,200,True,126.76000213623047,0.0,400,400
analog_20_19_29_watch.png,20,19,29,watch,200,199,True,153.52000427246094,0.0,400,400
analog_20_20_20_3d.png,20,20,20,3d,199,200,True,153.8800048828125,0.0,400,400
analog_20_20_20_atc.png,20,20,20,atc,200,200,True,154.95999145507812,0.0,400,400
analog_20_20_20_design3.png,20,20,20,design3,200,200,True,148.1199951171875,0.0,400,400
analog_20_20_20_js30.png,20,20,20,js30,200,200,True,149.9199981689453,0.0,400,400
analog_20_20_20_orange.png,20,20,20,orange,200,199,True,158.32000732421875,0.0,400,400
analog_20_20_20_simple.png,20,20,20,simple,200,200,False,,0.0,400,400
analog_20_20_20_sweet.png,20,20,20,sweet,200,200,True,154.48001098632812,0.0,400,400
analog_20_20_20_vue.png,20,20,20,vue,200,200,True,154.95999145507812,0.0,400,400
analog_20_20_20_wall.png,20,20,20,wall,200,200,True,126.76000213623047,0.0,400,400
analog_20_20_20_watch.png,20,20,20,watch,200,199,True,153.52000427246094,0.0,400,400
analog_20_23_28_3d.png,20,23,28,3d,199,200,True,153.8800048828125,0.0,400,400
analog_20_23_28_atc.png,20,23,28,atc,200,200,True,154.95999145507812,0.0,400,400
analog_20_23_28_design3.png,20,23,28,design3,200,200,True,148.1199951171875,0.0,400,400
analog_20_23_28_js30.png,20,23,28,js30,200,200,True,149.9199981689453,0.0,400,400
analog_20_23_28_orange.png,20,23,28,orange,200,199,True,158.32000732421875,0.0,400,400
analog_20_23_28_simple.png,20,23,28,simple,200,200,False,,0.0,400,400
analog_20_23_28_sweet.png,20,23,28,sweet,200,200,True,154.48001098632812,0.0,400,400
analog_20_23_28_vue.png,20,23,28,vue,200,200,True,154.95999145507812,0.0,400,400
analog_20_23_28_wall.png,20,23,28,wall,200,200,True,126.76000213623047,0.0,400,400
analog_20_23_28_watch.png,20,23,28,watch,200,199,True,153.52000427246094,0.0,400,400
analog_20_27_08_3d.png,20,27,8,3d,199,200,True,153.8800048828125,0.0,400,400
analog_20_27_08_atc.png,20,27,8,atc,200,200,True,154.95999145507812,0.0,400,400
analog_20_27_08_design3.png,20,27,8,design3,200,200,True,148.1199951171875,0.0,400,400
analog_20_27_08_js30.png,20,27,8,js30,200,200,True,149.9199981689453,0.0,400,400
analog_20_27_08_orange.png,20,27,8,orange,200,199,True,158.32000732421875,0.0,400,400
analog_20_27_08_simple.png,20,27,8,simple,200,200,False,,0.0,400,400
analog_20_27_08_sweet.png,20,27,8,sweet,200,200,True,154.48001098632812,0.0,400,400
analog_20_27_08_vue.png,20,27,8,vue,200,200,True,154.95999145507812,0.0,400,400
analog_20_27_08_wall.png,20,27,8,wall,200,200,True,126.76000213623047,0.0,400,400
analog_20_27_08_watch.png,20,27,8,watch,200,199,True,153.52000427246094,0.0,400,400
analog_20_29_09_3d.png,20,29,9,3d,199,200,True,153.8800048828125,0.0,400,400
analog_20_29_09_atc.png,20,29,9,atc,200,200,True,154.95999145507812,0.0,400,400
analog_20_29_09_design3.png,20,29,9,design3,200,200,True,148.1199951171875,0.0,400,400
analog_20_29_09_js30.png,20,29,9,js30,200,200,True,149.9199981689453,0.0,400,400
analog_20_29_09_orange.png,20,29,9,orange,200,199,True,158.32000732421875,0.0,400,400
analog_20_29_09_simple.png,20,29,9,simple,200,200,False,,0.0,400,400
analog_20_29_09_sweet.png,20,29,9,sweet,200,200,True,154.48001098632812,0.0,400,400
analog_20_29_09_vue.png,20,29,9,vue,200,200,True,154.95999145507812,0.0,400,400
analog_20_29_09_wall.png,20,29,9,wall,200,200,True,126.76000213623047,0.0,400,400
analog_20_29_09_watch.png,20,29,9,watch,200,199,True,153.52000427246094,0.0,400,400
analog_20_31_25_3d.png,20,31,25,3d,199,200,True,153.8800048828125,0.0,400,400
analog_20_31_25_atc.png,20,31,25,atc,200,200,True,154.95999145507812,0.0,400,400
analog_20_31_25_design3.png,20,31,25,design3,200,200,True,148.1199951171875,0.0,400,400
analog_20_31_25_js30.png,20,31,25,js30,200,200,True,149.9199981689453,0.0,400,400
analog_20_31_25_orange.png,20,31,25,orange,200,199,True,158.32000732421875,0.0,400,400
analog_20_31_25_simple.png,20,31,25,simple,200,200,False,,0.0,400,400
analog_20_31_25_sweet.png,20,31,25,sweet,200,200,True,154.48001098632812,0.0,400,400
analog_20_31_25_vue.png,20,31,25,vue,200,200,True,154.95999145507812,0.0,400,400
analog_20_31_25_wall.png,20,31,25,wall,200,200,True,126.76000213623047,0.0,400,400
analog_20_31_25_watch.png,20,31,25,watch,200,199,True,153.52000427246094,0.0,400,400
analog_20_34_53_3d.png,20,34,53,3d,199,200,True,153.8800048828125,0.0,400,400
analog_20_34_53_atc.png,20,34,53,atc,200,200,True,154.95999145507812,0.0,400,400
analog_20_34_53_design3.png,20,34,53,design3,200,200,True,148.1199951171875,0.0,400,400
analog_20_34_53_js30.png,20,34,53,js30,200,200,True,149.9199981689453,0.0,400,400
analog_20_34_53_orange.png,20,34,53,orange,200,199,True,158.32000732421875,0.0,400,400
analog_20_34_53_simple.png,20,34,53,simple,15,219,True,158.44000244140625,0.0,400,400
analog_20_34_53_sweet.png,20,34,53,sweet,200,200,True,154.48001098632812,0.0,400,400
analog_20_34_53_vue.png,20,34,53,vue,200,200,True,154.95999145507812,0.0,400,400
analog_20_34_53_wall.png,20,34,53,wall,200,200,True,126.76000213623047,0.0,400,400
analog_20_34_53_watch.png,20,34,53,watch,200,199,True,153.52000427246094,0.0,400,400
analog_20_36_12_3d.png,20,36,12,3d,199,200,True,153.8800048828125,0.0,400,400
analog_20_36_12_atc.png,20,36,12,atc,200,200,True,154.95999145507812,0.0,400,400
analog_20_36_12_design3.png,20,36,12,design3,200,200,True,148.1199951171875,0.0,400,400
analog_20_36_12_js30.png,20,36,12,js30,200,200,True,149.9199981689453,0.0,400,400
analog_20_36_12_orange.png,20,36,12,orange,200,199,True,158.32000732421875,0.0,400,400
analog_20_36_12_simple.png,20,36,12,simple,200,200,False,,0.0,400,400
analog_20_36_12_sweet.png,20,36,12,sweet,200,200,True,154.48001098632812,0.0,400,400
analog_20_36_12_vue.png,20,36,12,vue,200,200,True,154.95999145507812,0.0,400,400
analog_20_36_12_wall.png,20,36,12,wall,200,200,True,126.76000213623047,0.0,400,400
analog_20_36_12_watch.png,20,36,12,watch,200,199,True,153.52000427246094,0.0,400,400
analog_20_44_34_3d.png,20,44,34,3d,199,200,True,153.8800048828125,0.0,400,400
analog_20_44_34_atc.png,20,44,34,atc,200,200,True,154.95999145507812,0.0,400,400
analog_20_44_34_design3.png,20,44,34,design3,200,200,True,148.1199951171875,0.0,400,400
analog_20_44_34_js30.png,20,44,34,js30,200,200,True,149.9199981689453,0.0,400,400
analog_20_44_34_orange.png,20,44,34,orange,200,199,True,158.32000732421875,0.0,400,400
analog_20_44_34_simple.png,20,44,34,simple,200,200,False,,0.0,400,400
analog_20_44_34_sweet.png,20,44,34,sweet,200,200,True,154.48001098632812,0.0,400,400
analog_20_44_34_vue.png,20,44,34,vue,200,200,True,154.95999145507812,0.0,400,400
analog_20_44_34_wall.png,20,44,34,wall,200,200,True,126.76000213623047,0.0,400,400
analog_20_44_34_watch.png,20,44,34,watch,200,199,True,153.52000427246094,0.0,400,400
analog_20_44_35_3d.png,20,44,35,3d,199,200,True,153.8800048828125,0.0,400,400
analog_20_44_35_atc.png,20,44,35,atc,200,200,True,154.95999145507812,0.0,400,400
analog_20_44_35_design3.png,20,44,35,design3,200,200,True,148.1199951171875,0.0,400,400
analog_20_44_35_js30.png,20,44,35,js30,200,200,True,149.9199981689453,0.0,400,400
analog_20_44_35_orange.png,20,44,35,orange,200,199,True,158.32000732421875,0.0,400,400
analog_20_44_35_simple.png,20,44,35,simple,200,200,False,,0.0,400,400
analog_20_44_35_sweet.png,20,44,35,sweet,200,200,True,154.48001098632812,0.0,400,400
analog_20_44_35_vue.png,20,44,35,vue,200,200,True,154.95999145507812,0.0,400,400
analog_20_44_35_wall.png,20,44,35,wall,200,200,True,126.76000213623047,0.0,400,400
analog_20_44_35_watch.png,20,44,35,watch,200,199,True,153.52000427246094,0.0,400,400
analog_20_45_31_3d.png,20,45,31,3d,199,200,True,153.8800048828125,0.0,400,400
analog_20_45_31_atc.png,20,45,31,atc,200,200,True,154.95999145507812,0.0,400,400
analog_20_45_31_design3.png,20,45,31,design3,200,200,True,148.1199951171875,0.0,400,400
analog_20_45_31_js30.png,20,45,31,js30,200,200,True,149.9199981689453,0.0,400,400
analog_20_45_31_orange.png,20,45,31,orange,200,199,True,158.32000732421875,0.0,400,400
analog_20_45_31_simple.png,20,45,31,simple,200,200,False,,0.0,400,400
analog_20_45_31_sweet.png,20,45,31,sweet,200,200,True,154.48001098632812,0.0,400,400
analog_20_45_31_vue.png,20,45,31,vue,200,200,True,154.95999145507812,0.0,400,400
analog_20_45_31_wall.png,20,45,31,wall,200,200,True,126.76000213623047,0.0,400,400
analog_20_45_31_watch.png,20,45,31,watch,200,199,True,153.52000427246094,0.0,400,400
analog_20_53_23_3d.png,20,53,23,3d,199,200,True,153.8800048828125,0.0,400,400
analog_20_53_23_atc.png,20,53,23,atc,200,200,True,154.95999145507812,0.0,400,400
analog_20_53_23_design3.png,20,53,23,design3,200,200,True,148.1199951171875,0.0,400,400
analog_20_53_23_js30.png,20,53,23,js30,200,200,True,149.9199981689453,0.0,400,400
analog_20_53_23_orange.png,20,53,23,orange,200,199,True,158.32000732421875,0.0,400,400
analog_20_53_23_simple.png,20,53,23,simple,200,200,False,,0.0,400,400
analog_20_53_23_sweet.png,20,53,23,sweet,200,200,True,154.48001098632812,0.0,400,400
analog_20_53_23_vue.png,20,53,23,vue,200,200,True,154.95999145507812,0.0,400,400
analog_20_53_23_wall.png,20,53,23,wall,200,200,True,126.76000213623047,0.0,400,400
analog_20_53_23_watch.png,20,53,23,watch,200,199,True,153.52000427246094,0.0,400,400
analog_20_54_16_3d.png,20,54,16,3d,199,200,True,153.8800048828125,0.0,400,400
analog_20_54_16_atc.png,20,54,16,atc,200,200,True,154.95999145507812,0.0,400,400
analog_20_54_16_design3.png,20,54,16,design3,200,200,True,148.1199951171875,0.0,400,400
analog_20_54_16_js30.png,20,54,16,js30,200,200,True,149.9199981689453,0.0,400,400
analog_20_54_16_orange.png,20,54,16,orange,200,199,True,158.32000732421875,0.0,400,400
analog_20_54_16_simple.png,20,54,16,simple,200,200,False,,0.0,400,400
analog_20_54_16_sweet.png,20,54,16,sweet,200,200,True,154.48001098632812,0.0,400,400
analog_20_54_16_vue.png,20,54,16,vue,200,200,True,154.95999145507812,0.0,400,400
analog_20_54_16_wall.png,20,54,16,wall,200,200,True,126.76000213623047,0.0,400,400
analog_20_54_16_watch.png,20,54,16,watch,200,199,True,153.52000427246094,0.0,400,400
analog_21_00_00_3d.png,21,0,0,3d,199,200,True,153.8800048828125,0.0,400,400
analog_21_00_00_atc.png,21,0,0,atc,200,200,True,154.95999145507812,0.0,400,400
analog_21_00_00_design3.png,21,0,0,design3,200,200,True,148.1199951171875,0.0,400,400
analog_21_00_00_js30.png,21,0,0,js30,200,200,True,149.9199981689453,0.0,400,400
analog_21_00_00_orange.png,21,0,0,orange,200,199,True,158.32000732421875,0.0,400,400
analog_21_00_00_simple.png,21,0,0,simple,200,200,False,,0.0,400,400
analog_21_00_00_sweet.png,21,0,0,sweet,200,200,True,154.48001098632812,0.0,400,400
analog_21_00_00_vue.png,21,0,0,vue,200,200,True,154.95999145507812,0.0,400,400
analog_21_00_00_wall.png,21,0,0,wall,200,200,True,126.76000213623047,0.0,400,400
analog_21_00_00_watch.png,21,0,0,watch,200,199,True,153.52000427246094,0.0,400,400
analog_21_01_05_3d.png,21,1,5,3d,199,200,True,153.8800048828125,0.0,400,400
analog_21_01_05_atc.png,21,1,5,atc,200,200,True,154.95999145507812,0.0,400,400
analog_21_01_05_design3.png,21,1,5,design3,200,200,True,148.1199951171875,0.0,400,400
analog_21_01_05_js30.png,21,1,5,js30,200,200,True,149.9199981689453,0.0,400,400
analog_21_01_05_orange.png,21,1,5,orange,200,199,True,158.32000732421875,0.0,400,400
analog_21_01_05_simple.png,21,1,5,simple,344,187,True,121.4800033569336,0.0,400,400
analog_21_01_05_sweet.png,21,1,5,sweet,200,200,True,154.48001098632812,0.0,400,400
analog_21_01_05_vue.png,21,1,5,vue,200,200,True,154.95999145507812,0.0,400,400
analog_21_01_05_wall.png,21,1,5,wall,200,200,True,126.76000213623047,0.0,400,400
analog_21_01_05_watch.png,21,1,5,watch,200,199,True,153.52000427246094,0.0,400,400
analog_21_06_22_3d.png,21,6,22,3d,199,200,True,153.8800048828125,0.0,400,400
analog_21_06_22_atc.png,21,6,22,atc,200,200,True,154.95999145507812,0.0,400,400
analog_21_06_22_design3.png,21,6,22,design3,200,200,True,148.1199951171875,0.0,400,400
analog_21_06_22_js30.png,21,6,22,js30,200,200,True,149.9199981689453,0.0,400,400
analog_21_06_22_orange.png,21,6,22,orange,200,199,True,158.32000732421875,0.0,400,400
analog_21_06_22_simple.png,21,6,22,simple,200,200,False,,0.0,400,400
analog_21_06_22_sweet.png,21,6,22,sweet,200,200,True,154.48001098632812,0.0,400,400
analog_21_06_22_vue.png,21,6,22,vue,200,200,True,154.95999145507812,0.0,400,400
analog_21_06_22_wall.png,21,6,22,wall,200,200,True,126.76000213623047,0.0,400,400
analog_21_06_22_watch.png,21,6,22,watch,200,199,True,153.52000427246094,0.0,400,400
analog_21_06_56_3d.png,21,6,56,3d,199,200,True,153.8800048828125,0.0,400,400
analog_21_06_56_atc.png,21,6,56,atc,200,200,True,154.95999145507812,0.0,400,400
analog_21_06_56_design3.png,21,6,56,design3,200,200,True,148.1199951171875,0.0,400,400
analog_21_06_56_js30.png,21,6,56,js30,200,200,True,149.9199981689453,0.0,400,400
analog_21_06_56_orange.png,21,6,56,orange,200,199,True,158.32000732421875,0.0,400,400
analog_21_06_56_simple.png,21,6,56,simple,200,200,False,,0.0,400,400
analog_21_06_56_sweet.png,21,6,56,sweet,200,200,True,154.48001098632812,0.0,400,400
analog_21_06_56_vue.png,21,6,56,vue,200,200,True,154.95999145507812,0.0,400,400
analog_21_06_56_wall.png,21,6,56,wall,200,200,True,126.76000213623047,0.0,400,400
analog_21_06_56_watch.png,21,6,56,watch,200,199,True,153.52000427246094,0.0,400,400
analog_21_07_36_3d.png,21,7,36,3d,199,200,True,153.8800048828125,0.0,400,400
analog_21_07_36_atc.png,21,7,36,atc,200,200,True,154.95999145507812,0.0,400,400
analog_21_07_36_design3.png,21,7,36,design3,200,200,True,148.1199951171875,0.0,400,400
analog_21_07_36_js30.png,21,7,36,js30,200,200,True,149.9199981689453,0.0,400,400
analog_21_07_36_orange.png,21,7,36,orange,200,199,True,158.32000732421875,0.0,400,400
analog_21_07_36_simple.png,21,7,36,simple,200,200,False,,0.0,400,400
analog_21_07_36_sweet.png,21,7,36,sweet,200,200,True,154.48001098632812,0.0,400,400
analog_21_07_36_vue.png,21,7,36,vue,200,200,True,154.95999145507812,0.0,400,400
analog_21_07_36_wall.png,21,7,36,wall,200,200,True,126.76000213623047,0.0,400,400
analog_21_07_36_watch.png,21,7,36,watch,200,199,True,153.52000427246094,0.0,400,400
analog_21_12_25_3d.png,21,12,25,3d,199,200,True,153.8800048828125,0.0,400,400
analog_21_12_25_atc.png,21,12,25,atc,200,200,True,154.95999145507812,0.0,400,400
analog_21_12_25_design3.png,21,12,25,design3,200,200,True,148.1199951171875,0.0,400,400
analog_21_12_25_js30.png,21,12,25,js30,200,200,True,149.9199981689453,0.0,400,400
analog_21_12_25_orange.png,21,12,25,orange,200,199,True,158.32000732421875,0.0,400,400
analog_21_12_25_simple.png,21,12,25,simple,200,200,False,,0.0,400,400
analog_21_12_25_sweet.png,21,12,25,sweet,200,200,True,154.48001098632812,0.0,400,400
analog_21_12_25_vue.png,21,12,25,vue,200,200,True,154.95999145507812,0.0,400,400
analog_21_12_25_wall.png,21,12,25,wall,200,200,True,126.76000213623047,0.0,400,400
analog_21_12_25_watch.png,21,12,25,watch,200,199,True,153.52000427246094,0.0,400,400
analog_21_14_49_3d.png,21,14,49,3d,199,200,True,153.8800048828125,0.0,400,400
analog_21_14_49_atc.png,21,14,49,atc,200,200,True,154.95999145507812,0.0,400,400
analog_21_14_49_design3.png,21,14,49,design3,200,200,True,148.1199951171875,0.0,400,400
analog_21_14_49_js30.png,21,14,49,js30,200,200,True,149.9199981689453,0.0,400,400
analog_21_14_49_orange.png,21,14,49,orange,200,199,True,158.32000732421875,0.0,400,400
analog_21_14_49_simple.png,21,14,49,simple,200,200,False,,0.0,400,400
analog_21_14_49_sweet.png,21,14,49,sweet,200,200,True,154.48001098632812,0.0,400,400
analog_21_14_49_vue.png,21,14,49,vue,200,200,True,154.95999145507812,0.0,400,400
analog_21_14_49_wall.png,21,14,49,wall,200,200,True,126.76000213623047,0.0,400,400
analog_21_14_49_watch.png,21,14,49,watch,200,199,True,153.52000427246094,0.0,400,400
analog_21_23_04_3d.png,21,23,4,3d,199,200,True,153.8800048828125,0.0,400,400
analog_21_23_04_atc.png,21,23,4,atc,200,200,True,154.95999145507812,0.0,400,400
analog_21_23_04_design3.png,21,23,4,design3,200,200,True,148.1199951171875,0.0,400,400
analog_21_23_04_js30.png,21,23,4,js30,200,200,True,149.9199981689453,0.0,400,400
analog_21_23_04_orange.png,21,23,4,orange,200,199,True,158.32000732421875,0.0,400,400
analog_21_23_04_simple.png,21,23,4,simple,200,200,False,,0.0,400,400
analog_21_23_04_sweet.png,21,23,4,sweet,200,200,True,154.48001098632812,0.0,400,400
analog_21_23_04_vue.png,21,23,4,vue,200,200,True,154.95999145507812,0.0,400,400
analog_21_23_04_wall.png,21,23,4,wall,200,200,True,126.76000213623047,0.0,400,400
analog_21_23_04_watch.png,21,23,4,watch,200,199,True,153.52000427246094,0.0,400,400
analog_21_24_21_3d.png,21,24,21,3d,199,200,True,153.8800048828125,0.0,400,400
analog_21_24_21_atc.png,21,24,21,atc,200,200,True,154.95999145507812,0.0,400,400
analog_21_24_21_design3.png,21,24,21,design3,200,200,True,148.1199951171875,0.0,400,400
analog_21_24_21_js30.png,21,24,21,js30,200,200,True,149.9199981689453,0.0,400,400
analog_21_24_21_orange.png,21,24,21,orange,200,199,True,158.32000732421875,0.0,400,400
analog_21_24_21_simple.png,21,24,21,simple,135,350,True,162.16000366210938,0.0,400,400
analog_21_24_21_sweet.png,21,24,21,sweet,200,200,True,154.48001098632812,0.0,400,400
analog_21_24_21_vue.png,21,24,21,vue,200,200,True,154.95999145507812,0.0,400,400
analog_21_24_21_wall.png,21,24,21,wall,200,200,True,126.76000213623047,0.0,400,400
analog_21_24_21_watch.png,21,24,21,watch,200,199,True,153.52000427246094,0.0,400,400
analog_21_24_43_3d.png,21,24,43,3d,199,200,True,153.8800048828125,0.0,400,400
analog_21_24_43_atc.png,21,24,43,atc,200,200,True,154.95999145507812,0.0,400,400
analog_21_24_43_design3.png,21,24,43,design3,200,200,True,148.1199951171875,0.0,400,400
analog_21_24_43_js30.png,21,24,43,js30,200,200,True,149.9199981689453,0.0,400,400
analog_21_24_43_orange.png,21,24,43,orange,200,199,True,158.32000732421875,0.0,400,400
analog_21_24_43_simple.png,21,24,43,simple,139,347,True,133.72000122070312,0.0,400,400
analog_21_24_43_sweet.png,21,24,43,sweet,200,200,True,154.48001098632812,0.0,400,400
analog_21_24_43_vue.png,21,24,43,vue,200,200,True,154.95999145507812,0.0,400,400
analog_21_24_43_wall.png,21,24,43,wall,200,200,True,126.76000213623047,0.0,400,400
analog_21_24_43_watch.png,21,24,43,watch,200,199,True,153.52000427246094,0.0,400,400
analog_21_40_39_3d.png,21,40,39,3d,199,200,True,153.8800048828125,0.0,400,400
analog_21_40_39_atc.png,21,40,39,atc,200,200,True,154.95999145507812,0.0,400,400
analog_21_40_39_design3.png,21,40,39,design3,200,200,True,148.1199951171875,0.0,400,400
analog_21_40_39_js30.png,21,40,39,js30,200,200,True,149.9199981689453,0.0,400,400
analog_21_40_39_orange.png,21,40,39,orange,200,199,True,158.32000732421875,0.0,400,400
analog_21_40_39_simple.png,21,40,39,simple,200,200,False,,0.0,400,400
analog_21_40_39_sweet.png,21,40,39,sweet,200,200,True,154.48001098632812,0.0,400,400
analog_21_40_39_vue.png,21,40,39,vue,200,200,True,154.95999145507812,0.0,400,400
analog_21_40_39_wall.png,21,40,39,wall,200,200,True,126.76000213623047,0.0,400,400
analog_21_40_39_watch.png,21,40,39,watch,200,199,True,153.52000427246094,0.0,400,400
analog_21_46_07_3d.png,21,46,7,3d,199,200,True,153.8800048828125,0.0,400,400
analog_21_46_07_atc.png,21,46,7,atc,200,200,True,154.95999145507812,0.0,400,400
analog_21_46_07_design3.png,21,46,7,design3,200,200,True,148.1199951171875,0.0,400,400
analog_21_46_07_js30.png,21,46,7,js30,200,200,True,149.9199981689453,0.0,400,400
analog_21_46_07_orange.png,21,46,7,orange,200,199,True,158.32000732421875,0.0,400,400
analog_21_46_07_simple.png,21,46,7,simple,200,200,False,,0.0,400,400
analog_21_46_07_sweet.png,21,46,7,sweet,200,200,True,154.48001098632812,0.0,400,400
analog_21_46_07_vue.png,21,46,7,vue,200,200,True,154.95999145507812,0.0,400,400
analog_21_46_07_wall.png,21,46,7,wall,200,200,True,126.76000213623047,0.0,400,400
analog_21_46_07_watch.png,21,46,7,watch,200,199,True,153.52000427246094,0.0,400,400
analog_21_51_25_3d.png,21,51,25,3d,199,200,True,153.8800048828125,0.0,400,400
analog_21_51_25_atc.png,21,51,25,atc,200,200,True,154.95999145507812,0.0,400,400
analog_21_51_25_design3.png,21,51,25,design3,200,200,True,148.1199951171875,0.0,400,400
analog_21_51_25_js30.png,21,51,25,js30,200,200,True,149.9199981689453,0.0,400,400
analog_21_51_25_orange.png,21,51,25,orange,200,199,True,158.32000732421875,0.0,400,400
analog_21_51_25_simple.png,21,51,25,simple,200,200,False,,0.0,400,400
analog_21_51_25_sweet.png,21,51,25,sweet,200,200,True,154.48001098632812,0.0,400,400
analog_21_51_25_vue.png,21,51,25,vue,200,200,True,154.95999145507812,0.0,400,400
analog_21_51_25_wall.png,21,51,25,wall,200,200,True,126.76000213623047,0.0,400,400
analog_21_51_25_watch.png,21,51,25,watch,200,199,True,153.52000427246094,0.0,400,400
analog_21_54_07_3d.png,21,54,7,3d,199,200,True,153.8800048828125,0.0,400,400
analog_21_54_07_atc.png,21,54,7,atc,200,200,True,154.95999145507812,0.0,400,400
analog_21_54_07_design3.png,21,54,7,design3,200,200,True,148.1199951171875,0.0,400,400
analog_21_54_07_js30.png,21,54,7,js30,200,200,True,149.9199981689453,0.0,400,400
analog_21_54_07_orange.png,21,54,7,orange,200,199,True,158.32000732421875,0.0,400,400
analog_21_54_07_simple.png,21,54,7,simple,200,200,False,,0.0,400,400
analog_21_54_07_sweet.png,21,54,7,sweet,200,200,True,154.48001098632812,0.0,400,400
analog_21_54_07_vue.png,21,54,7,vue,200,200,True,154.95999145507812,0.0,400,400
analog_21_54_07_wall.png,21,54,7,wall,200,200,True,126.76000213623047,0.0,400,400
analog_21_54_07_watch.png,21,54,7,watch,200,199,True,153.52000427246094,0.0,400,400
analog_21_56_34_3d.png,21,56,34,3d,199,200,True,153.8800048828125,0.0,400,400
analog_21_56_34_atc.png,21,56,34,atc,200,200,True,154.95999145507812,0.0,400,400
analog_21_56_34_design3.png,21,56,34,design3,200,200,True,148.1199951171875,0.0,400,400
analog_21_56_34_js30.png,21,56,34,js30,200,200,True,149.9199981689453,0.0,400,400
analog_21_56_34_orange.png,21,56,34,orange,200,199,True,158.32000732421875,0.0,400,400
analog_21_56_34_simple.png,21,56,34,simple,200,200,False,,0.0,400,400
analog_21_56_34_sweet.png,21,56,34,sweet,200,200,True,154.48001098632812,0.0,400,400
analog_21_56_34_vue.png,21,56,34,vue,200,200,True,154.95999145507812,0.0,400,400
analog_21_56_34_wall.png,21,56,34,wall,200,200,True,126.76000213623047,0.0,400,400
analog_21_56_34_watch.png,21,56,34,watch,200,199,True,153.52000427246094,0.0,400,400
analog_22_00_00_3d.png,22,0,0,3d,199,200,True,153.8800048828125,0.0,400,400
analog_22_00_00_atc.png,22,0,0,atc,200,200,True,154.95999145507812,0.0,400,400
analog_22_00_00_design3.png,22,0,0,design3,200,200,True,148.1199951171875,0.0,400,400
analog_22_00_00_js30.png,22,0,0,js30,200,200,True,149.9199981689453,0.0,400,400
analog_22_00_00_orange.png,22,0,0,orange,200,199,True,158.32000732421875,0.0,400,400
analog_22_00_00_simple.png,22,0,0,simple,200,200,False,,0.0,400,400
analog_22_00_00_sweet.png,22,0,0,sweet,200,200,True,154.48001098632812,0.0,400,400
analog_22_00_00_vue.png,22,0,0,vue,200,200,True,154.95999145507812,0.0,400,400
analog_22_00_00_wall.png,22,0,0,wall,200,200,True,126.76000213623047,0.0,400,400
analog_22_00_00_watch.png,22,0,0,watch,200,199,True,153.52000427246094,0.0,400,400
analog_22_04_02_3d.png,22,4,2,3d,199,200,True,153.8800048828125,0.0,400,400
analog_22_04_02_atc.png,22,4,2,atc,200,200,True,154.95999145507812,0.0,400,400
analog_22_04_02_design3.png,22,4,2,design3,200,200,True,148.1199951171875,0.0,400,400
analog_22_04_02_js30.png,22,4,2,js30,200,200,True,149.9199981689453,0.0,400,400
analog_22_04_02_orange.png,22,4,2,orange,200,199,True,158.32000732421875,0.0,400,400
analog_22_04_02_simple.png,22,4,2,simple,200,200,False,,0.0,400,400
analog_22_04_02_sweet.png,22,4,2,sweet,200,200,True,154.48001098632812,0.0,400,400
analog_22_04_02_vue.png,22,4,2,vue,200,200,True,154.95999145507812,0.0,400,400
analog_22_04_02_wall.png,22,4,2,wall,200,200,True,126.76000213623047,0.0,400,400
analog_22_04_02_watch.png,22,4,2,watch,200,199,True,153.52000427246094,0.0,400,400
analog_22_06_24_3d.png,22,6,24,3d,199,200,True,153.8800048828125,0.0,400,400
analog_22_06_24_atc.png,22,6,24,atc,200,200,True,154.95999145507812,0.0,400,400
analog_22_06_24_design3.png,22,6,24,design3,200,200,True,148.1199951171875,0.0,400,400
analog_22_06_24_js30.png,22,6,24,js30,200,200,True,149.9199981689453,0.0,400,400
analog_22_06_24_orange.png,22,6,24,orange,200,199,True,158.32000732421875,0.0,400,400
analog_22_06_24_simple.png,22,6,24,simple,200,200,False,,0.0,400,400
analog_22_06_24_sweet.png,22,6,24,sweet,200,200,True,154.48001098632812,0.0,400,400
analog_22_06_24_vue.png,22,6,24,vue,200,200,True,154.95999145507812,0.0,400,400
analog_22_06_24_wall.png,22,6,24,wall,200,200,True,126.76000213623047,0.0,400,400
analog_22_06_24_watch.png,22,6,24,watch,200,199,True,153.52000427246094,0.0,400,400
analog_22_10_05_3d.png,22,10,5,3d,199,200,True,153.8800048828125,0.0,400,400
analog_22_10_05_atc.png,22,10,5,atc,200,200,True,154.95999145507812,0.0,400,400
analog_22_10_05_design3.png,22,10,5,design3,200,200,True,148.1199951171875,0.0,400,400
analog_22_10_05_js30.png,22,10,5,js30,200,200,True,149.9199981689453,0.0,400,400
analog_22_10_05_orange.png,22,10,5,orange,200,199,True,158.32000732421875,0.0,400,400
analog_22_10_05_simple.png,22,10,5,simple,200,200,False,,0.0,400,400
analog_22_10_05_sweet.png,22,10,5,sweet,200,200,True,154.48001098632812,0.0,400,400
analog_22_10_05_vue.png,22,10,5,vue,200,200,True,154.95999145507812,0.0,400,400
analog_22_10_05_wall.png,22,10,5,wall,200,200,True,126.76000213623047,0.0,400,400
analog_22_10_05_watch.png,22,10,5,watch,200,199,True,153.52000427246094,0.0,400,400
analog_22_12_45_3d.png,22,12,45,3d,199,200,True,153.8800048828125,0.0,400,400
analog_22_12_45_atc.png,22,12,45,atc,200,200,True,154.95999145507812,0.0,400,400
analog_22_12_45_design3.png,22,12,45,design3,200,200,True,148.1199951171875,0.0,400,400
analog_22_12_45_js30.png,22,12,45,js30,200,200,True,149.9199981689453,0.0,400,400
analog_22_12_45_orange.png,22,12,45,orange,200,199,True,158.32000732421875,0.0,400,400
analog_22_12_45_simple.png,22,12,45,simple,200,200,False,,0.0,400,400
analog_22_12_45_sweet.png,22,12,45,sweet,200,200,True,154.48001098632812,0.0,400,400
analog_22_12_45_vue.png,22,12,45,vue,200,200,True,154.95999145507812,0.0,400,400
analog_22_12_45_wall.png,22,12,45,wall,200,200,True,126.76000213623047,0.0,400,400
analog_22_12_45_watch.png,22,12,45,watch,200,199,True,153.52000427246094,0.0,400,400
analog_22_18_35_3d.png,22,18,35,3d,199,200,True,153.8800048828125,0.0,400,400
analog_22_18_35_atc.png,22,18,35,atc,200,200,True,154.95999145507812,0.0,400,400
analog_22_18_35_design3.png,22,18,35,design3,200,200,True,148.1199951171875,0.0,400,400
analog_22_18_35_js30.png,22,18,35,js30,200,200,True,149.9199981689453,0.0,400,400
analog_22_18_35_orange.png,22,18,35,orange,200,199,True,158.32000732421875,0.0,400,400
analog_22_18_35_simple.png,22,18,35,simple,200,200,False,,0.0,400,400
analog_22_18_35_sweet.png,22,18,35,sweet,200,200,True,154.48001098632812,0.0,400,400
analog_22_18_35_vue.png,22,18,35,vue,200,200,True,154.95999145507812,0.0,400,400
analog_22_18_35_wall.png,22,18,35,wall,200,200,True,126.76000213623047,0.0,400,400
analog_22_18_35_watch.png,22,18,35,watch,200,199,True,153.52000427246094,0.0,400,400
analog_22_20_13_3d.png,22,20,13,3d,199,200,True,153.8800048828125,0.0,400,400
analog_22_20_13_atc.png,22,20,13,atc,200,200,True,154.95999145507812,0.0,400,400
analog_22_20_13_design3.png,22,20,13,design3,200,200,True,148.1199951171875,0.0,400,400
analog_22_20_13_js30.png,22,20,13,js30,200,200,True,149.9199981689453,0.0,400,400
analog_22_20_13_orange.png,22,20,13,orange,200,199,True,158.32000732421875,0.0,400,400
analog_22_20_13_simple.png,22,20,13,simple,200,200,False,,0.0,400,400
analog_22_20_13_sweet.png,22,20,13,sweet,200,200,True,154.48001098632812,0.0,400,400
analog_22_20_13_vue.png,22,20,13,vue,200,200,True,154.95999145507812,0.0,400,400
analog_22_20_13_wall.png,22,20,13,wall,200,200,True,126.76000213623047,0.0,400,400
analog_22_20_13_watch.png,22,20,13,watch,200,199,True,153.52000427246094,0.0,400,400
analog_22_33_29_3d.png,22,33,29,3d,199,200,True,153.8800048828125,0.0,400,400
analog_22_33_29_atc.png,22,33,29,atc,200,200,True,154.95999145507812,0.0,400,400
analog_22_33_29_design3.png,22,33,29,design3,200,200,True,148.1199951171875,0.0,400,400
analog_22_33_29_js30.png,22,33,29,js30,200,200,True,149.9199981689453,0.0,400,400
analog_22_33_29_orange.png,22,33,29,orange,200,199,True,158.32000732421875,0.0,400,400
analog_22_33_29_simple.png,22,33,29,simple,200,200,False,,0.0,400,400
analog_22_33_29_sweet.png,22,33,29,sweet,200,200,True,154.48001098632812,0.0,400,400
analog_22_33_29_vue.png,22,33,29,vue,200,200,True,154.95999145507812,0.0,400,400
analog_22_33_29_wall.png,22,33,29,wall,200,200,True,126.76000213623047,0.0,400,400
analog_22_33_29_watch.png,22,33,29,watch,200,199,True,153.52000427246094,0.0,400,400
analog_22_40_03_3d.png,22,40,3,3d,199,200,True,153.8800048828125,0.0,400,400
analog_22_40_03_atc.png,22,40,3,atc,200,200,True,154.95999145507812,0.0,400,400
analog_22_40_03_design3.png,22,40,3,design3,200,200,True,148.1199951171875,0.0,400,400
analog_22_40_03_js30.png,22,40,3,js30,200,200,True,149.9199981689453,0.0,400,400
analog_22_40_03_orange.png,22,40,3,orange,200,199,True,158.32000732421875,0.0,400,400
analog_22_40_03_simple.png,22,40,3,simple,200,200,False,,0.0,400,400
analog_22_40_03_sweet.png,22,40,3,sweet,200,200,True,154.48001098632812,0.0,400,400
analog_22_40_03_vue.png,22,40,3,vue,200,200,True,154.95999145507812,0.0,400,400
analog_22_40_03_wall.png,22,40,3,wall,200,200,True,126.76000213623047,0.0,400,400
analog_22_40_03_watch.png,22,40,3,watch,200,199,True,153.52000427246094,0.0,400,400
analog_22_44_24_3d.png,22,44,24,3d,199,200,True,153.8800048828125,0.0,400,400
analog_22_44_24_atc.png,22,44,24,atc,200,200,True,154.95999145507812,0.0,400,400
analog_22_44_24_design3.png,22,44,24,design3,200,200,True,148.1199951171875,0.0,400,400
analog_22_44_24_js30.png,22,44,24,js30,200,200,True,149.9199981689453,0.0,400,400
analog_22_44_24_orange.png,22,44,24,orange,200,199,True,158.32000732421875,0.0,400,400
analog_22_44_24_simple.png,22,44,24,simple,117,303,True,134.44000244140625,0.0,400,400
analog_22_44_24_sweet.png,22,44,24,sweet,200,200,True,154.48001098632812,0.0,400,400
analog_22_44_24_vue.png,22,44,24,vue,200,200,True,154.95999145507812,0.0,400,400
analog_22_44_24_wall.png,22,44,24,wall,200,200,True,126.76000213623047,0.0,400,400
analog_22_44_24_watch.png,22,44,24,watch,200,199,True,153.52000427246094,0.0,400,400
analog_22_46_50_3d.png,22,46,50,3d,199,200,True,153.8800048828125,0.0,400,400
analog_22_46_50_atc.png,22,46,50,atc,200,200,True,154.95999145507812,0.0,400,400
analog_22_46_50_design3.png,22,46,50,design3,200,200,True,148.1199951171875,0.0,400,400
analog_22_46_50_js30.png,22,46,50,js30,200,200,True,149.9199981689453,0.0,400,400
analog_22_46_50_orange.png,22,46,50,orange,200,199,True,158.32000732421875,0.0,400,400
analog_22_46_50_simple.png,22,46,50,simple,200,200,False,,0.0,400,400
analog_22_46_50_sweet.png,22,46,50,sweet,200,200,True,154.48001098632812,0.0,400,400
analog_22_46_50_vue.png,22,46,50,vue,200,200,True,154.95999145507812,0.0,400,400
analog_22_46_50_wall.png,22,46,50,wall,200,200,True,126.76000213623047,0.0,400,400
analog_22_46_50_watch.png,22,46,50,watch,200,199,True,153.52000427246094,0.0,400,400
analog_22_53_40_3d.png,22,53,40,3d,199,200,True,153.8800048828125,0.0,400,400
analog_22_53_40_atc.png,22,53,40,atc,200,200,True,154.95999145507812,0.0,400,400
analog_22_53_40_design3.png,22,53,40,design3,200,200,True,148.1199951171875,0.0,400,400
analog_22_53_40_js30.png,22,53,40,js30,200,200,True,149.9199981689453,0.0,400,400
analog_22_53_40_orange.png,22,53,40,orange,200,199,True,158.32000732421875,0.0,400,400
analog_22_53_40_simple.png,22,53,40,simple,200,200,False,,0.0,400,400
analog_22_53_40_sweet.png,22,53,40,sweet,200,200,True,154.48001098632812,0.0,400,400
analog_22_53_40_vue.png,22,53,40,vue,200,200,True,154.95999145507812,0.0,400,400
analog_22_53_40_wall.png,22,53,40,wall,200,200,True,126.76000213623047,0.0,400,400
analog_22_53_40_watch.png,22,53,40,watch,200,199,True,153.52000427246094,0.0,400,400
analog_22_59_43_3d.png,22,59,43,3d,199,200,True,153.8800048828125,0.0,400,400
analog_22_59_43_atc.png,22,59,43,atc,200,200,True,154.95999145507812,0.0,400,400
analog_22_59_43_design3.png,22,59,43,design3,200,200,True,148.1199951171875,0.0,400,400
analog_22_59_43_js30.png,22,59,43,js30,200,200,True,149.9199981689453,0.0,400,400
analog_22_59_43_orange.png,22,59,43,orange,200,199,True,158.32000732421875,0.0,400,400
analog_22_59_43_simple.png,22,59,43,simple,200,200,False,,0.0,400,400
analog_22_59_43_sweet.png,22,59,43,sweet,200,200,True,154.48001098632812,0.0,400,400
analog_22_59_43_vue.png,22,59,43,vue,200,200,True,154.95999145507812,0.0,400,400
analog_22_59_43_wall.png,22,59,43,wall,200,200,True,126.76000213623047,0.0,400,400
analog_22_59_43_watch.png,22,59,43,watch,200,199,True,153.52000427246094,0.0,400,400
analog_23_00_00_3d.png,23,0,0,3d,199,200,True,153.8800048828125,0.0,400,400
analog_23_00_00_atc.png,23,0,0,atc,200,200,True,154.95999145507812,0.0,400,400
analog_23_00_00_design3.png,23,0,0,design3,200,200,True,148.1199951171875,0.0,400,400
analog_23_00_00_js30.png,23,0,0,js30,200,200,True,149.9199981689453,0.0,400,400
analog_23_00_00_orange.png,23,0,0,orange,200,199,True,158.32000732421875,0.0,400,400
analog_23_00_00_simple.png,23,0,0,simple,200,200,False,,0.0,400,400
analog_23_00_00_sweet.png,23,0,0,sweet,200,200,True,154.48001098632812,0.0,400,400
analog_23_00_00_vue.png,23,0,0,vue,200,200,True,154.95999145507812,0.0,400,400
analog_23_00_00_wall.png,23,0,0,wall,200,200,True,126.76000213623047,0.0,400,400
analog_23_00_00_watch.png,23,0,0,watch,200,199,True,153.52000427246094,0.0,400,400
analog_23_10_42_3d.png,23,10,42,3d,199,200,True,153.8800048828125,0.0,400,400
analog_23_10_42_atc.png,23,10,42,atc,200,200,True,154.95999145507812,0.0,400,400
analog_23_10_42_design3.png,23,10,42,design3,200,200,True,148.1199951171875,0.0,400,400
analog_23_10_42_js30.png,23,10,42,js30,200,200,True,149.9199981689453,0.0,400,400
analog_23_10_42_orange.png,23,10,42,orange,200,199,True,158.32000732421875,0.0,400,400
analog_23_10_42_simple.png,23,10,42,simple,200,200,False,,0.0,400,400
analog_23_10_42_sweet.png,23,10,42,sweet,200,200,True,154.48001098632812,0.0,400,400
analog_23_10_42_vue.png,23,10,42,vue,200,200,True,154.95999145507812,0.0,400,400
analog_23_10_42_wall.png,23,10,42,wall,200,200,True,126.76000213623047,0.0,400,400
analog_23_10_42_watch.png,23,10,42,watch,200,199,True,153.52000427246094,0.0,400,400
analog_23_10_53_3d.png,23,10,53,3d,199,200,True,153.8800048828125,0.0,400,400
analog_23_10_53_atc.png,23,10,53,atc,200,200,True,154.95999145507812,0.0,400,400
analog_23_10_53_design3.png,23,10,53,design3,200,200,True,148.1199951171875,0.0,400,400
analog_23_10_53_js30.png,23,10,53,js30,200,200,True,149.9199981689453,0.0,400,400
analog_23_10_53_orange.png,23,10,53,orange,200,199,True,158.32000732421875,0.0,400,400
analog_23_10_53_simple.png,23,10,53,simple,200,200,False,,0.0,400,400
analog_23_10_53_sweet.png,23,10,53,sweet,200,200,True,154.48001098632812,0.0,400,400
analog_23_10_53_vue.png,23,10,53,vue,200,200,True,154.95999145507812,0.0,400,400
analog_23_10_53_wall.png,23,10,53,wall,200,200,True,126.76000213623047,0.0,400,400
analog_23_10_53_watch.png,23,10,53,watch,200,199,True,153.52000427246094,0.0,400,400
analog_23_15_10_3d.png,23,15,10,3d,199,200,True,153.8800048828125,0.0,400,400
analog_23_15_10_atc.png,23,15,10,atc,200,200,True,154.95999145507812,0.0,400,400
analog_23_15_10_design3.png,23,15,10,design3,200,200,True,148.1199951171875,0.0,400,400
analog_23_15_10_js30.png,23,15,10,js30,200,200,True,149.9199981689453,0.0,400,400
analog_23_15_10_orange.png,23,15,10,orange,200,199,True,158.32000732421875,0.0,400,400
analog_23_15_10_simple.png,23,15,10,simple,200,200,False,,0.0,400,400
analog_23_15_10_sweet.png,23,15,10,sweet,200,200,True,154.48001098632812,0.0,400,400
analog_23_15_10_vue.png,23,15,10,vue,200,200,True,154.95999145507812,0.0,400,400
analog_23_15_10_wall.png,23,15,10,wall,200,200,True,126.76000213623047,0.0,400,400
analog_23_15_10_watch.png,23,15,10,watch,200,199,True,153.52000427246094,0.0,400,400
analog_23_16_32_3d.png,23,16,32,3d,199,200,True,153.8800048828125,0.0,400,400
analog_23_16_32_atc.png,23,16,32,atc,200,200,True,154.95999145507812,0.0,400,400
analog_23_16_32_design3.png,23,16,32,design3,200,200,True,148.1199951171875,0.0,400,400
analog_23_16_32_js30.png,23,16,32,js30,200,200,True,149.9199981689453,0.0,400,400
analog_23_16_32_orange.png,23,16,32,orange,200,199,True,158.32000732421875,0.0,400,400
analog_23_16_32_simple.png,23,16,32,simple,200,200,False,,0.0,400,400
analog_23_16_32_sweet.png,23,16,32,sweet,200,200,True,154.48001098632812,0.0,400,400
analog_23_16_32_vue.png,23,16,32,vue,200,200,True,154.95999145507812,0.0,400,400
analog_23_16_32_wall.png,23,16,32,wall,200,200,True,126.76000213623047,0.0,400,400
analog_23_16_32_watch.png,23,16,32,watch,200,199,True,153.52000427246094,0.0,400,400
analog_23_17_15_3d.png,23,17,15,3d,199,200,True,153.8800048828125,0.0,400,400
analog_23_17_15_atc.png,23,17,15,atc,200,200,True,154.95999145507812,0.0,400,400
analog_23_17_15_design3.png,23,17,15,design3,200,200,True,148.1199951171875,0.0,400,400
analog_23_17_15_js30.png,23,17,15,js30,200,200,True,149.9199981689453,0.0,400,400
analog_23_17_15_orange.png,23,17,15,orange,200,199,True,158.32000732421875,0.0,400,400
analog_23_17_15_simple.png,23,17,15,simple,200,200,False,,0.0,400,400
analog_23_17_15_sweet.png,23,17,15,sweet,200,200,True,154.48001098632812,0.0,400,400
analog_23_17_15_vue.png,23,17,15,vue,200,200,True,154.95999145507812,0.0,400,400
analog_23_17_15_wall.png,23,17,15,wall,200,200,True,126.76000213623047,0.0,400,400
analog_23_17_15_watch.png,23,17,15,watch,200,199,True,153.52000427246094,0.0,400,400
analog_23_34_03_3d.png,23,34,3,3d,199,200,True,153.8800048828125,0.0,400,400
analog_23_34_03_atc.png,23,34,3,atc,200,200,True,154.95999145507812,0.0,400,400
analog_23_34_03_design3.png,23,34,3,design3,200,200,True,148.1199951171875,0.0,400,400
analog_23_34_03_js30.png,23,34,3,js30,200,200,True,149.9199981689453,0.0,400,400
analog_23_34_03_orange.png,23,34,3,orange,200,199,True,158.32000732421875,0.0,400,400
analog_23_34_03_simple.png,23,34,3,simple,200,200,False,,0.0,400,400
analog_23_34_03_sweet.png,23,34,3,sweet,200,200,True,154.48001098632812,0.0,400,400
analog_23_34_03_vue.png,23,34,3,vue,200,200,True,154.95999145507812,0.0,400,400
analog_23_34_03_wall.png,23,34,3,wall,200,200,True,126.76000213623047,0.0,400,400
analog_23_34_03_watch.png,23,34,3,watch,200,199,True,153.52000427246094,0.0,400,400
analog_23_34_51_3d.png,23,34,51,3d,199,200,True,153.8800048828125,0.0,400,400
analog_23_34_51_atc.png,23,34,51,atc,200,200,True,154.95999145507812,0.0,400,400
analog_23_34_51_design3.png,23,34,51,design3,200,200,True,148.1199951171875,0.0,400,400
analog_23_34_51_js30.png,23,34,51,js30,200,200,True,149.9199981689453,0.0,400,400
analog_23_34_51_orange.png,23,34,51,orange,200,199,True,158.32000732421875,0.0,400,400
analog_23_34_51_simple.png,23,34,51,simple,57,238,True,117.63999938964844,0.0,400,400
analog_23_34_51_sweet.png,23,34,51,sweet,200,200,True,154.48001098632812,0.0,400,400
analog_23_34_51_vue.png,23,34,51,vue,200,200,True,154.95999145507812,0.0,400,400
analog_23_34_51_wall.png,23,34,51,wall,200,200,True,126.76000213623047,0.0,400,400
analog_23_34_51_watch.png,23,34,51,watch,200,199,True,153.52000427246094,0.0,400,400
analog_23_35_34_3d.png,23,35,34,3d,199,200,True,153.8800048828125,0.0,400,400
analog_23_35_34_atc.png,23,35,34,atc,200,200,True,154.95999145507812,0.0,400,400
analog_23_35_34_design3.png,23,35,34,design3,200,200,True,148.1199951171875,0.0,400,400
analog_23_35_34_js30.png,23,35,34,js30,200,200,True,149.9199981689453,0.0,400,400
analog_23_35_34_orange.png,23,35,34,orange,200,199,True,158.32000732421875,0.0,400,400
analog_23_35_34_simple.png,23,35,34,simple,346,355,True,207.27999877929688,0.0,400,400
analog_23_35_34_sweet.png,23,35,34,sweet,200,200,True,154.48001098632812,0.0,400,400
analog_23_35_34_vue.png,23,35,34,vue,200,200,True,154.95999145507812,0.0,400,400
analog_23_35_34_wall.png,23,35,34,wall,200,200,True,126.76000213623047,0.0,400,400
analog_23_35_34_watch.png,23,35,34,watch,200,199,True,153.52000427246094,0.0,400,400
analog_23_37_17_3d.png,23,37,17,3d,199,200,True,153.8800048828125,0.0,400,400
analog_23_37_17_atc.png,23,37,17,atc,200,200,True,154.95999145507812,0.0,400,400
analog_23_37_17_design3.png,23,37,17,design3,200,200,True,148.1199951171875,0.0,400,400
analog_23_37_17_js30.png,23,37,17,js30,200,200,True,149.9199981689453,0.0,400,400
analog_23_37_17_orange.png,23,37,17,orange,200,199,True,158.32000732421875,0.0,400,400
analog_23_37_17_simple.png,23,37,17,simple,200,200,False,,0.0,400,400
analog_23_37_17_sweet.png,23,37,17,sweet,200,200,True,154.48001098632812,0.0,400,400
analog_23_37_17_vue.png,23,37,17,vue,200,200,True,154.95999145507812,0.0,400,400
analog_23_37_17_wall.png,23,37,17,wall,200,200,True,126.76000213623047,0.0,400,400
analog_23_37_17_watch.png,23,37,17,watch,200,199,True,153.52000427246094,0.0,400,400
analog_23_45_07_3d.png,23,45,7,3d,199,200,True,153.8800048828125,0.0,400,400
analog_23_45_07_atc.png,23,45,7,atc,200,200,True,154.95999145507812,0.0,400,400
analog_23_45_07_design3.png,23,45,7,design3,200,200,True,148.1199951171875,0.0,400,400
analog_23_45_07_js30.png,23,45,7,js30,200,200,True,149.9199981689453,0.0,400,400
analog_23_45_07_orange.png,23,45,7,orange,200,199,True,158.32000732421875,0.0,400,400
analog_23_45_07_simple.png,23,45,7,simple,200,200,False,,0.0,400,400
analog_23_45_07_sweet.png,23,45,7,sweet,200,200,True,154.48001098632812,0.0,400,400
analog_23_45_07_vue.png,23,45,7,vue,200,200,True,154.95999145507812,0.0,400,400
analog_23_45_07_wall.png,23,45,7,wall,200,200,True,126.76000213623047,0.0,400,400
analog_23_45_07_watch.png,23,45,7,watch,200,199,True,153.52000427246094,0.0,400,400
analog_23_47_42_3d.png,23,47,42,3d,199,200,True,153.8800048828125,0.0,400,400
analog_23_47_42_atc.png,23,47,42,atc,200,200,True,154.95999145507812,0.0,400,400
analog_23_47_42_design3.png,23,47,42,design3,200,200,True,148.1199951171875,0.0,400,400
analog_23_47_42_js30.png,23,47,42,js30,200,200,True,149.9199981689453,0.0,400,400
analog_23_47_42_orange.png,23,47,42,orange,200,199,True,158.32000732421875,0.0,400,400
analog_23_47_42_simple.png,23,47,42,simple,200,200,False,,0.0,400,400
analog_23_47_42_sweet.png,23,47,42,sweet,200,200,True,154.48001098632812,0.0,400,400
analog_23_47_42_vue.png,23,47,42,vue,200,200,True,154.95999145507812,0.0,400,400
analog_23_47_42_wall.png,23,47,42,wall,200,200,True,126.76000213623047,0.0,400,400
analog_23_47_42_watch.png,23,47,42,watch,200,199,True,153.52000427246094,0.0,400,400
analog_23_51_15_3d.png,23,51,15,3d,199,200,True,153.8800048828125,0.0,400,400
analog_23_51_15_atc.png,23,51,15,atc,200,200,True,154.95999145507812,0.0,400,400
analog_23_51_15_design3.png,23,51,15,design3,200,200,True,148.1199951171875,0.0,400,400
analog_23_51_15_js30.png,23,51,15,js30,200,200,True,149.9199981689453,0.0,400,400
analog_23_51_15_orange.png,23,51,15,orange,200,199,True,158.32000732421875,0.0,400,400
analog_23_51_15_simple.png,23,51,15,simple,253,49,True,152.6800079345703,0.0,400,400
analog_23_51_15_sweet.png,23,51,15,sweet,200,200,True,154.48001098632812,0.0,400,400
analog_23_51_15_vue.png,23,51,15,vue,200,200,True,154.95999145507812,0.0,400,400
analog_23_51_15_wall.png,23,51,15,wall,200,200,True,126.76000213623047,0.0,400,400
analog_23_51_15_watch.png,23,51,15,watch,200,199,True,153.52000427246094,0.0,400,400
analog_23_57_11_3d.png,23,57,11,3d,199,200,True,153.8800048828125,0.0,400,400
analog_23_57_11_atc.png,23,57,11,atc,200,200,True,154.95999145507812,0.0,400,400
analog_23_57_11_design3.png,23,57,11,design3,200,200,True,148.1199951171875,0.0,400,400
analog_23_57_11_js30.png,23,57,11,js30,200,200,True,149.9199981689453,0.0,400,400
analog_23_57_11_orange.png,23,57,11,orange,200,199,True,158.32000732421875,0.0,400,400
analog_23_57_11_simple.png,23,57,11,simple,200,200,False,,0.0,400,400
analog_23_57_11_sweet.png,23,57,11,sweet,200,200,True,154.48001098632812,0.0,400,400
analog_23_57_11_vue.png,23,57,11,vue,200,200,True,154.95999145507812,0.0,400,400
analog_23_57_11_wall.png,23,57,11,wall,200,200,True,126.76000213623047,0.0,400,400
analog_23_57_11_watch.png,23,57,11,watch,200,199,True,153.52000427246094,0.0,400,400
analog_23_57_19_3d.png,23,57,19,3d,199,200,True,153.8800048828125,0.0,400,400
analog_23_57_19_atc.png,23,57,19,atc,200,200,True,154.95999145507812,0.0,400,400
analog_23_57_19_design3.png,23,57,19,design3,200,200,True,148.1199951171875,0.0,400,400
analog_23_57_19_js30.png,23,57,19,js30,200,200,True,149.9199981689453,0.0,400,400
analog_23_57_19_orange.png,23,57,19,orange,200,199,True,158.32000732421875,0.0,400,400
analog_23_57_19_simple.png,23,57,19,simple,340,56,True,190.83999633789062,0.0,400,400
analog_23_57_19_sweet.png,23,57,19,sweet,200,200,True,154.48001098632812,0.0,400,400
analog_23_57_19_vue.png,23,57,19,vue,200,200,True,154.95999145507812,0.0,400,400
analog_23_57_19_wall.png,23,57,19,wall,200,200,True,126.76000213623047,0.0,400,400
analog_23_57_19_watch.png,23,57,19,watch,200,199,True,153.52000427246094,0.0,400,400
analog_23_57_32_3d.png,23,57,32,3d,199,200,True,153.8800048828125,0.0,400,400
analog_23_57_32_atc.png,23,57,32,atc,200,200,True,154.95999145507812,0.0,400,400
analog_23_57_32_design3.png,23,57,32,design3,200,200,True,148.1199951171875,0.0,400,400
analog_23_57_32_js30.png,23,57,32,js30,200,200,True,149.9199981689453,0.0,400,400
analog_23_57_32_orange.png,23,57,32,orange,200,199,True,158.32000732421875,0.0,400,400
analog_23_57_32_simple.png,23,57,32,simple,200,200,False,,0.0,400,400
analog_23_57_32_sweet.png,23,57,32,sweet,200,200,True,154.48001098632812,0.0,400,400
analog_23_57_32_vue.png,23,57,32,vue,200,200,True,154.95999145507812,0.0,400,400
analog_23_57_32_wall.png,23,57,32,wall,200,200,True,126.76000213623047,0.0,400,400
analog_23_57_32_watch.png,23,57,32,watch,200,199,True,153.52000427246094,0.0,400,400
analog_23_59_56_3d.png,23,59,56,3d,199,200,True,153.8800048828125,0.0,400,400
analog_23_59_56_atc.png,23,59,56,atc,200,200,True,154.95999145507812,0.0,400,400
analog_23_59_56_design3.png,23,59,56,design3,200,200,True,148.1199951171875,0.0,400,400
analog_23_59_56_js30.png,23,59,56,js30,200,200,True,149.9199981689453,0.0,400,400
analog_23_59_56_orange.png,23,59,56,orange,200,199,True,158.32000732421875,0.0,400,400
analog_23_59_56_simple.png,23,59,56,simple,200,200,False,,0.0,400,400
analog_23_59_56_sweet.png,23,59,56,sweet,200,200,True,154.48001098632812,0.0,400,400
analog_23_59_56_vue.png,23,59,56,vue,200,200,True,154.95999145507812,0.0,400,400
analog_23_59_56_wall.png,23,59,56,wall,200,200,True,126.76000213623047,0.0,400,400
analog_23_59_56_watch.png,23,59,56,watch,200,199,True,153.52000427246094,0.0,400,400
analog_23_59_59_3d.png,23,59,59,3d,199,200,True,153.8800048828125,0.0,400,400
analog_23_59_59_atc.png,23,59,59,atc,200,200,True,154.95999145507812,0.0,400,400
analog_23_59_59_design3.png,23,59,59,design3,200,200,True,148.1199951171875,0.0,400,400
analog_23_59_59_js30.png,23,59,59,js30,200,200,True,149.9199981689453,0.0,400,400
analog_23_59_59_orange.png,23,59,59,orange,200,199,True,158.32000732421875,0.0,400,400
analog_23_59_59_simple.png,23,59,59,simple,200,200,False,,0.0,400,400
analog_23_59_59_sweet.png,23,59,59,sweet,200,200,True,154.48001098632812,0.0,400,400
analog_23_59_59_vue.png,23,59,59,vue,200,200,True,154.95999145507812,0.0,400,400
analog_23_59_59_wall.png,23,59,59,wall,200,200,True,126.76000213623047,0.0,400,400
analog_23_59_59_watch.png,23,59,59,watch,200,199,True,153.52000427246094,0.0,400,400
